mol_id,hash_id,smiles,name,scaffold,linker,capping,molecular_weight,logP,TPSA,HBD,HBA,rotatable_bonds,QED,Fsp3,lipinski_pass,lipinski_violations,active_probability,predicted_active,target
GEN_PD-1_00350,7c0f6a13,c1ccc(Cl)cc1C1CCN(C)CC1c1ccc(Cl)cc1,bis(chlorophenyl)-methylpiperazinyl,chlorophenyl,methylpiperazinyl,cyano,345.65,2.28,31,0,3,5,0.67,0.572,True,0,0.8677,True,PD-1
GEN_PD-1_00229,17ac38ad,c1cc2ccccc2[nH]1C1CCNCC1OC(F)(F)F,indolyl-piperidinyl-trifluoromethoxy,indolyl,piperidinyl,trifluoromethoxy,246.49,2.82,38,1,2,4,0.583,0.457,True,0,0.8615,True,PD-1
GEN_PD-1_00408,53ba446b,c1ccccc1C1CCN(C)CC1C1=CC=CC=C1,phenyl-methylpiperazinyl-phenyl-alt,phenyl,methylpiperazinyl,phenyl-alt,228.11,2.28,17,0,2,7,0.522,0.366,True,0,0.8585,True,PD-1
GEN_PD-1_00324,ba91cbdc,c1cc2c(cc1)OCO2CCc1cc2c(cc1)OCO2,bis(benzodioxolyl)-ethyl,benzodioxolyl,ethyl,phenyl,221.21,2.07,20,0,1,4,0.611,0.21,True,0,0.8397,True,PD-1
GEN_PD-1_00057,75d8c893,C1=CC=CC=C1CCc1ccc(Cl)cc1,phenyl-alt-ethyl-chlorophenyl,chlorophenyl,ethyl,phenyl-alt,206.84,2.65,20,0,1,5,0.487,0.55,True,0,0.8396,True,PD-1
GEN_PD-1_00072,1ddf7381,c1ccc(Cl)cc1S(=O)(=O)NCC(C)(C)C,chlorophenyl-sulfonamide-t-butyl,chlorophenyl,sulfonamide,t-butyl,239.71,1.91,73,1,4,5,0.639,0.268,True,0,0.838,True,PD-1
GEN_PD-1_00018,c16da31b,c1cc2ccccc2[nH]1NC(=O)NCc1cc2ccccc2[nH]1,bis(indolyl)-urea,indolyl,urea,phenyl,367.18,3.03,69,3,3,2,0.597,0.378,True,0,0.8358,True,PD-1
GEN_PD-1_00425,8393ce11,N1CCOCC1NC(=O)NCc1ccc(OC)cc1,morpholino-urea-methoxyphenyl,methoxyphenyl,urea,morpholino,214.82,1.19,72,2,3,4,0.603,0.523,True,0,0.834,True,PD-1
GEN_PD-1_00285,9dfe56a7,c1cc2ccccc2[nH]1C=CCc1cc2ccccc2[nH]1,bis(indolyl)-alkene,indolyl,alkene,phenyl-alt,328.49,2.38,36,1,1,2,0.638,0.282,True,0,0.8244,True,PD-1
GEN_PD-1_00452,c943bb02,c1ccc(Cl)cc1C1CCN(C)CC1OC(F)(F)F,chlorophenyl-methylpiperazinyl-trifluoromethoxy,chlorophenyl,methylpiperazinyl,trifluoromethoxy,261.15,3.04,17,0,2,4,0.605,0.289,True,0,0.8215,True,PD-1
GEN_PD-1_00477,8224f69c,C(C)(C)CC(=O)OCc1ccc(F)cc1,t-butyl-ester-fluorophenyl,fluorophenyl,ester,t-butyl,193.11,2.49,20,0,1,6,0.508,0.529,True,0,0.8205,True,PD-1
GEN_PD-1_00213,12e43cce,c1cccnc1C(=O)NCc1cccnc1,bis(pyridyl)-amide,pyridyl,amide,phenyl,279.43,2.05,42,1,3,6,0.625,0.411,True,0,0.8144,True,PD-1
GEN_PD-1_00287,d51b6497,c1cnccn1C#CCc1cnccn1,bis(pyrimidinyl)-alkyne,pyrimidinyl,alkyne,phenyl,222.08,1.79,20,0,1,7,0.541,0.593,True,0,0.8114,True,PD-1
GEN_PD-1_00378,c6af05f9,C(C)(C)CC(=O)OCc1ccc(OC)cc1,t-butyl-ester-methoxyphenyl,methoxyphenyl,ester,t-butyl,209.89,2.22,29,0,1,3,0.563,0.475,True,0,0.8102,True,PD-1
GEN_PD-1_00233,ed9004ba,c1ccc(Cl)cc1NCCC(C)(C)C,chlorophenyl-aminoethyl-t-butyl,chlorophenyl,aminoethyl,t-butyl,208.28,2.56,20,0,1,6,0.53,0.389,True,0,0.8095,True,PD-1
GEN_PD-1_00161,e9364cad,c1nc2ccccc2[nH]1C1CCN(C)CC1c1ccccc1,benzimidazolyl-methylpiperazinyl-phenyl,benzimidazolyl,methylpiperazinyl,phenyl,292.09,3.85,36,1,4,4,0.551,0.521,True,0,0.8029,True,PD-1
GEN_PD-1_00351,c24ce6f4,c1ccc(OC)cc1NC(=O)NCOC(F)(F)F,methoxyphenyl-urea-trifluoromethoxy,methoxyphenyl,urea,trifluoromethoxy,212.72,1.36,72,2,3,3,0.594,0.402,True,0,0.7972,True,PD-1
GEN_PD-1_00019,8c8bf70d,NC(C)=ONCCc1ccc(F)cc1,acetamido-aminoethyl-fluorophenyl,fluorophenyl,aminoethyl,acetamido,203.08,1.71,39,1,3,5,0.584,0.495,True,0,0.7952,True,PD-1
GEN_PD-1_00283,d5537f86,c1ccc(C)cc1C1CCOCC1N(C)C,tolyl-morpholinyl-dimethylamino,tolyl,morpholinyl,dimethylamino,224.75,2.99,15,0,3,2,0.533,0.435,True,0,0.7943,True,PD-1
GEN_PD-1_00021,76e5038d,C(C)(C)CC#CCc1cc2ccccc2[nH]1,t-butyl-alkyne-indolyl,indolyl,alkyne,t-butyl,219.67,2.16,36,1,1,2,0.603,0.298,True,0,0.7939,True,PD-1
GEN_PD-1_00210,087b1cd5,c1cc2ccccc2[nH]1C=CCC(F)(F)F,indolyl-alkene-trifluoromethyl,indolyl,alkene,trifluoromethyl,230.43,2.96,26,1,4,8,0.515,0.438,True,0,0.7916,True,PD-1
GEN_PD-1_00035,ff2ad294,c1ccccc1C#CCc1ccccc1,bis(phenyl)-alkyne,phenyl,alkyne,morpholino,248.09,1.78,20,0,1,2,0.572,0.503,True,0,0.7903,True,PD-1
GEN_PD-1_00318,db44e8d9,c1cccc(Cl)c1C1CCOCC1c1cccc(Cl)c1,bis(m-chlorophenyl)-morpholinyl,m-chlorophenyl,morpholinyl,phenyl,260.86,1.4,22,0,2,5,0.49,0.509,True,0,0.7889,True,PD-1
GEN_PD-1_00113,4ed6eb50,C(C)(C)CC1CCN(C)CC1c1ccc(C)cc1,t-butyl-methylpiperazinyl-tolyl,tolyl,methylpiperazinyl,t-butyl,238.24,3.08,17,0,2,2,0.491,0.545,True,0,0.7884,True,PD-1
GEN_PD-1_00446,a2ab155a,c1cc2c(cc1)OCO2C1CCN(C)CC1c1cc2c(cc1)OCO2,bis(benzodioxolyl)-methylpiperazinyl,benzodioxolyl,methylpiperazinyl,phenyl-alt,243.6,0.49,27,0,2,8,0.647,0.532,True,0,0.7874,True,PD-1
GEN_PD-1_00226,336602d2,c1cccnc1CCc1ccccc1,pyridyl-ethyl-phenyl,pyridyl,ethyl,phenyl,204.57,2.89,23,0,1,8,0.558,0.312,True,0,0.7854,True,PD-1
GEN_PD-1_00387,1cf1e981,c1cnccn1CCc1ccccc1,pyrimidinyl-ethyl-phenyl,pyrimidinyl,ethyl,phenyl,179.86,2.07,20,0,1,4,0.447,0.589,True,0,0.7843,True,PD-1
GEN_PD-1_00089,67c51856,c1nc2ccccc2[nH]1C1CCOCC1c1nc2ccccc2[nH]1,bis(benzimidazolyl)-morpholinyl,benzimidazolyl,morpholinyl,phenyl,393.48,2.8,41,1,4,7,0.732,0.404,True,0,0.7827,True,PD-1
GEN_PD-1_00313,129635f8,c1nc2ccccc2[nH]1OCCC#N,benzimidazolyl-ethoxy-cyano,benzimidazolyl,ethoxy,cyano,190.24,1.22,63,1,3,5,0.591,0.5,True,0,0.7775,True,PD-1
GEN_PD-1_00022,0d57f8e8,C(C)(C)CC=CCc1ccc(F)cc1,t-butyl-alkene-fluorophenyl,fluorophenyl,alkene,t-butyl,198.77,2.43,20,0,1,4,0.428,0.257,True,0,0.7755,True,PD-1
GEN_PD-1_00321,2df08fc8,c1ccc(OC)cc1C(=O)OCc1ccc(OC)cc1,bis(methoxyphenyl)-ester,methoxyphenyl,ester,morpholino,314.7,2.34,29,0,1,5,0.488,0.498,True,0,0.7753,True,PD-1
GEN_PD-1_00143,e1f0bef6,C(F)(F)FC1CCN(C)CC1c1ccccc1OC,trifluoromethyl-methylpiperazinyl-anisole,anisole,methylpiperazinyl,trifluoromethyl,220.59,0.92,17,0,5,2,0.624,0.314,True,0,0.7747,True,PD-1
GEN_PD-1_00224,1aa2d9af,c1ccc(C)cc1OCCN(C)C,tolyl-ethoxy-dimethylamino,tolyl,ethoxy,dimethylamino,178.37,2.77,13,0,1,5,0.475,0.591,True,0,0.7743,True,PD-1
GEN_PD-1_00366,64c7af11,c1ccc(C)cc1C1CCNCC1NC(C)=O,tolyl-piperidinyl-acetamido,tolyl,piperidinyl,acetamido,233.64,2.07,41,1,3,2,0.575,0.371,True,0,0.7737,True,PD-1
GEN_PD-1_00451,40e77a19,c1ccccc1C1CCNCC1c1nc2ccccc2[nH]1,phenyl-piperidinyl-benzimidazolyl,benzimidazolyl,piperidinyl,phenyl,272.11,4.12,41,1,3,2,0.638,0.454,True,0,0.7704,True,PD-1
GEN_PD-1_00293,3ec8b0fa,c1ccccc1NCCC(C)(C)C,phenyl-aminoethyl-t-butyl,phenyl,aminoethyl,t-butyl,178.56,2.18,20,0,1,7,0.434,0.337,True,0,0.7678,True,PD-1
GEN_PD-1_00346,595ea77e,c1ccc(C)cc1C1CCOCC1c1ccc(C)cc1,bis(tolyl)-morpholinyl,tolyl,morpholinyl,cyano,287.62,1.85,36,0,3,4,0.634,0.48,True,0,0.7662,True,PD-1
GEN_PD-1_00142,58dc84ac,c1ccc(C)cc1NCCC#N,tolyl-aminoethyl-cyano,tolyl,aminoethyl,cyano,165.52,1.71,34,0,1,3,0.516,0.35,True,0,0.7661,True,PD-1
GEN_PD-1_00200,7a63723d,c1nc2ccccc2[nH]1C#CCc1nc2ccccc2[nH]1,bis(benzimidazolyl)-alkyne,benzimidazolyl,alkyne,morpholino,329.88,1.23,49,1,2,4,0.64,0.493,True,0,0.766,True,PD-1
GEN_PD-1_00396,5e244f55,c1ccc(OC)cc1NC(=O)NCc1ccccc1,methoxyphenyl-urea-phenyl,methoxyphenyl,urea,phenyl,236.7,2.99,62,2,3,6,0.471,0.541,True,0,0.7653,True,PD-1
GEN_PD-1_00187,186eeba6,c1nc2ccccc2[nH]1C=CCc1nc2ccccc2[nH]1,bis(benzimidazolyl)-alkene,benzimidazolyl,alkene,methoxy,328.22,1.53,49,1,2,3,0.599,0.275,True,0,0.763,True,PD-1
GEN_PD-1_00163,01bbd5f2,c1ccccc1OCNCCNC(C)=O,anisole-aminoethyl-acetamido,anisole,aminoethyl,acetamido,151.32,-0.55,49,1,2,6,0.577,0.408,True,0,0.7591,True,PD-1
GEN_PD-1_00433,992f8fbd,c1ccc2c(c1)OCCO2C1CCNCC1c1ccc2c(c1)OCCO2,bis(benzodioxanyl)-piperidinyl,benzodioxanyl,piperidinyl,phenyl-alt,232.38,0.35,32,0,1,3,0.631,0.462,True,0,0.7558,True,PD-1
GEN_PD-1_00109,d6372f60,c1ccccc1C1CCNCC1c1ccccc1,bis(phenyl)-piperidinyl,phenyl,piperidinyl,trifluoromethoxy,285.88,2.63,22,0,1,7,0.626,0.595,True,0,0.7545,True,PD-1
GEN_PD-1_00114,aa040e47,c1ccc(OC)cc1C1CCNCC1c1ccc(OC)cc1,bis(methoxyphenyl)-piperidinyl,methoxyphenyl,piperidinyl,trifluoromethoxy,344.75,2.64,31,0,2,3,0.566,0.491,True,0,0.7538,True,PD-1
GEN_PD-1_00082,e5776a88,c1ccc(C)cc1C1CCOCC1c1ccccc1,tolyl-morpholinyl-phenyl,tolyl,morpholinyl,phenyl,257.48,4.01,12,0,2,2,0.587,0.542,True,0,0.7534,True,PD-1
GEN_PD-1_00137,521281f8,c1ccc(F)cc1C1CCN(C)CC1c1ccc(F)cc1,bis(fluorophenyl)-methylpiperazinyl,fluorophenyl,methylpiperazinyl,morpholino,336.01,2.56,17,0,3,2,0.635,0.455,True,0,0.753,True,PD-1
GEN_PD-1_00326,ff6f522a,c1ccc(C)cc1CCOC,tolyl-ethyl-methoxy,tolyl,ethyl,methoxy,190.83,2.23,20,0,1,8,0.593,0.429,True,0,0.753,True,PD-1
GEN_PD-1_00372,377805a2,c1ccc(F)cc1OCCc1ccc(F)cc1,bis(fluorophenyl)-ethoxy,fluorophenyl,ethoxy,dimethylamino,281.36,2.55,13,0,2,8,0.634,0.396,True,0,0.753,True,PD-1
GEN_PD-1_00133,ff2aeffa,c1cccnc1C#CCc1cccnc1,bis(pyridyl)-alkyne,pyridyl,alkyne,t-butyl,257.81,0.84,33,0,1,4,0.5,0.309,True,0,0.7526,True,PD-1
GEN_PD-1_00062,1ff602f9,c1cc2ccccc2[nH]1OCCN(C)C,indolyl-ethoxy-dimethylamino,indolyl,ethoxy,dimethylamino,207.53,2.67,29,1,2,4,0.537,0.343,True,0,0.7518,True,PD-1
GEN_PD-1_00370,53eb1312,C1=CC=CC=C1C(=O)NCc1ccc(C)cc1,phenyl-alt-amide-tolyl,tolyl,amide,phenyl-alt,184.82,1.7,39,1,2,3,0.595,0.48,True,0,0.7513,True,PD-1
GEN_PD-1_00412,43c5ba37,c1cc2ccccc2[nH]1C1CCNCC1c1cc2ccccc2[nH]1,bis(indolyl)-piperidinyl,indolyl,piperidinyl,acetamido,376.72,1.96,57,2,4,5,0.706,0.238,True,0,0.7499,True,PD-1
GEN_PD-1_00307,dff21db6,C(F)(F)FNCCc1cc2ccccc2[nH]1,trifluoromethyl-aminoethyl-indolyl,indolyl,aminoethyl,trifluoromethyl,229.05,3.15,26,1,4,8,0.57,0.472,True,0,0.7499,True,PD-1
GEN_PD-1_00277,e2a15730,c1ccc(OC)cc1S(=O)(=O)NCc1ccc(OC)cc1,bis(methoxyphenyl)-sulfonamide,methoxyphenyl,sulfonamide,methoxy,335.86,1.21,82,1,5,5,0.702,0.283,True,0,0.7472,True,PD-1
GEN_PD-1_00054,2da922ce,c1ccc(Cl)cc1CCc1ccc(Cl)cc1,bis(chlorophenyl)-ethyl,chlorophenyl,ethyl,dimethylamino,315.83,2.96,13,0,1,7,0.499,0.305,True,0,0.747,True,PD-1
GEN_PD-1_00122,8ac33ce8,OC(F)(F)FC1CCNCC1c1nc2ccccc2[nH]1,trifluoromethoxy-piperidinyl-benzimidazolyl,benzimidazolyl,piperidinyl,trifluoromethoxy,253.02,2.13,51,1,3,3,0.465,0.536,True,0,0.7464,True,PD-1
GEN_PD-1_00494,cde4257b,OCC#CCc1ccc(Cl)cc1,methoxy-alkyne-chlorophenyl,chlorophenyl,alkyne,methoxy,207.52,2.38,20,0,1,3,0.602,0.532,True,0,0.746,True,PD-1
GEN_PD-1_00444,78dea2d3,c1cc2ccccc2[nH]1C1CCNCC1NC(C)=O,indolyl-piperidinyl-acetamido,indolyl,piperidinyl,acetamido,253.3,1.5,57,2,4,7,0.504,0.219,True,0,0.746,True,PD-1
GEN_PD-1_00044,fb3e38bd,S(=O)(=O)CC#CCc1ccc(C)cc1,methylsulfonyl-alkyne-tolyl,tolyl,alkyne,methylsulfonyl,193.46,2.26,20,0,1,5,0.55,0.564,True,0,0.7448,True,PD-1
GEN_PD-1_00067,5c848933,c1ccccc1C1CCN(C)CC1c1ccccc1,bis(phenyl)-methylpiperazinyl,phenyl,methylpiperazinyl,t-butyl,304.14,2.47,17,0,2,4,0.503,0.35,True,0,0.7439,True,PD-1
GEN_PD-1_00468,65c1c6c8,C(F)(F)FNCCc1ccc(C#N)cc1,trifluoromethyl-aminoethyl-cyanophenyl,cyanophenyl,aminoethyl,trifluoromethyl,166.91,1.09,20,0,3,6,0.412,0.538,True,0,0.7432,True,PD-1
GEN_PD-1_00076,0ca21936,c1ccccc1S(=O)(=O)NCc1ccccc1,bis(phenyl)-sulfonamide,phenyl,sulfonamide,trifluoromethyl,298.28,2.28,63,1,7,2,0.645,0.431,True,0,0.7427,True,PD-1
GEN_PD-1_00496,d3effac7,c1ccccc1C1CCN(C)CC1OC,phenyl-methylpiperazinyl-methoxy,phenyl,methylpiperazinyl,methoxy,227.23,2.15,17,0,2,3,0.627,0.274,True,0,0.7427,True,PD-1
GEN_PD-1_00121,7f42685b,c1ccc(OC)cc1NCCc1ccc(OC)cc1,bis(methoxyphenyl)-aminoethyl,methoxyphenyl,aminoethyl,morpholino,313.07,2.22,29,0,1,6,0.605,0.464,True,0,0.7426,True,PD-1
GEN_PD-1_00111,e60aa64a,c1ccccc1C1CCN(C)CC1c1cnccn1,phenyl-methylpiperazinyl-pyrimidinyl,pyrimidinyl,methylpiperazinyl,phenyl,223.84,2.04,17,0,2,4,0.448,0.272,True,0,0.7418,True,PD-1
GEN_PD-1_00183,2aa1b51f,c1ccc(F)cc1C1CCNCC1c1ccc(F)cc1,bis(fluorophenyl)-piperidinyl,fluorophenyl,piperidinyl,morpholino,325.32,2.96,22,0,2,4,0.673,0.344,True,0,0.7408,True,PD-1
GEN_PD-1_00002,c0602715,N(C)CC1CCN(C)CC1c1cccc(Cl)c1,dimethylamino-methylpiperazinyl-m-chlorophenyl,m-chlorophenyl,methylpiperazinyl,dimethylamino,195.71,1.02,20,0,3,8,0.521,0.527,True,0,0.7408,True,PD-1
GEN_PD-1_00147,aa28adaf,c1cccnc1NCCc1cccnc1,bis(pyridyl)-aminoethyl,pyridyl,aminoethyl,cyano,229.88,0.1,47,0,2,4,0.638,0.252,True,0,0.7407,True,PD-1
GEN_PD-1_00393,54303f7c,c1ccc(OC)cc1CCOC(F)(F)F,methoxyphenyl-ethyl-trifluoromethoxy,methoxyphenyl,ethyl,trifluoromethoxy,205.94,2.31,29,0,1,2,0.571,0.379,True,0,0.7401,True,PD-1
GEN_PD-1_00081,dd492f9a,c1ccc(C)cc1C=CCc1ccc(C)cc1,bis(tolyl)-alkene,tolyl,alkene,t-butyl,279.81,2.41,20,0,1,2,0.666,0.582,True,0,0.7394,True,PD-1
GEN_PD-1_00112,02dcb91f,c1ccc(OC)cc1C(=O)NCc1ccc(OC)cc1,bis(methoxyphenyl)-amide,methoxyphenyl,amide,acetamido,314.11,0.44,67,2,5,2,0.626,0.431,True,0,0.7392,True,PD-1
GEN_PD-1_00173,7f4c461e,c1cc2c(cc1)OCO2C(=O)OCc1cc2c(cc1)OCO2,bis(benzodioxolyl)-ester,benzodioxolyl,ester,acetamido,209.16,-0.64,49,1,2,8,0.604,0.539,True,0,0.7367,True,PD-1
GEN_PD-1_00138,f59d7a8d,S(=O)(=O)CC=CCc1cccnc1,methylsulfonyl-alkene-pyridyl,pyridyl,alkene,methylsulfonyl,175.44,0.79,33,0,1,2,0.601,0.548,True,0,0.7363,True,PD-1
GEN_PD-1_00053,dc3f823d,c1nc2ccccc2[nH]1OCCOC(F)(F)F,benzimidazolyl-ethoxy-trifluoromethoxy,benzimidazolyl,ethoxy,trifluoromethoxy,216.79,1.48,49,1,2,4,0.542,0.22,True,0,0.7354,True,PD-1
GEN_PD-1_00070,71bacee5,c1ccccc1OCCc1ccccc1,bis(phenyl)-ethoxy,phenyl,ethoxy,phenyl-alt,246.84,2.06,20,0,1,7,0.455,0.449,True,0,0.7342,True,PD-1
GEN_PD-1_00368,00172088,c1ccc(OC)cc1C=CCc1ccc(OC)cc1,bis(methoxyphenyl)-alkene,methoxyphenyl,alkene,phenyl-alt,307.9,1.86,29,0,1,5,0.669,0.31,True,0,0.7329,True,PD-1
GEN_PD-1_00116,148f63f6,c1ccc(Cl)cc1OCCc1ccc(Cl)cc1,bis(chlorophenyl)-ethoxy,chlorophenyl,ethoxy,phenyl,344.42,4.28,10,0,1,6,0.662,0.262,True,0,0.7327,True,PD-1
GEN_PD-1_00385,979f4a43,c1ccc2c(c1)OCCO2OCCS(=O)(=O)C,benzodioxanyl-ethoxy-methylsulfonyl,benzodioxanyl,ethoxy,methylsulfonyl,150.66,0.24,30,0,1,6,0.531,0.312,True,0,0.7321,True,PD-1
GEN_PD-1_00462,f5e71bb9,C(C)(C)CNC(=O)NCc1ccc(Cl)cc1,t-butyl-urea-chlorophenyl,chlorophenyl,urea,t-butyl,223.2,1.45,63,2,2,6,0.519,0.587,True,0,0.7316,True,PD-1
GEN_PD-1_00154,b56ea2e0,C(C)(C)CS(=O)(=O)NCc1ccc(Cl)cc1,t-butyl-sulfonamide-chlorophenyl,chlorophenyl,sulfonamide,t-butyl,240.44,1.61,73,1,4,6,0.465,0.492,True,0,0.7315,True,PD-1
GEN_PD-1_00339,92e03221,c1ccccc1C1CCN(C)CC1c1ccc2c(c1)OCCO2,phenyl-methylpiperazinyl-benzodioxanyl,benzodioxanyl,methylpiperazinyl,phenyl,224.73,2.38,17,0,2,2,0.521,0.449,True,0,0.7297,True,PD-1
GEN_PD-1_00011,fd32e4a0,S(=O)(=O)CC1CCN(C)CC1c1ccc(F)cc1,methylsulfonyl-methylpiperazinyl-fluorophenyl,fluorophenyl,methylpiperazinyl,methylsulfonyl,242.83,2.9,17,0,3,8,0.548,0.414,True,0,0.7294,True,PD-1
GEN_PD-1_00498,59556923,C(F)(F)FC1CCOCC1c1ccc(OC)cc1,trifluoromethyl-morpholinyl-methoxyphenyl,methoxyphenyl,morpholinyl,trifluoromethyl,265.16,2.94,21,0,6,5,0.538,0.576,True,0,0.7284,True,PD-1
GEN_PD-1_00355,ddf09e3f,c1ccc(C)cc1C1CCNCC1c1ccc(C)cc1,bis(tolyl)-piperidinyl,tolyl,piperidinyl,dimethylamino,309.86,3.69,15,0,2,2,0.596,0.387,True,0,0.7268,True,PD-1
GEN_PD-1_00225,b50e9514,OC(F)(F)FOCCc1ccc(OC)cc1,trifluoromethoxy-ethoxy-methoxyphenyl,methoxyphenyl,ethoxy,trifluoromethoxy,204.46,2.32,29,0,1,8,0.558,0.295,True,0,0.7261,True,PD-1
GEN_PD-1_00004,e0c70329,c1ccc2c(c1)OCCO2OCCc1ccc2c(c1)OCCO2,bis(benzodioxanyl)-ethoxy,benzodioxanyl,ethoxy,phenyl-alt,198.93,0.21,30,0,1,3,0.547,0.379,True,0,0.7255,True,PD-1
GEN_PD-1_00209,d31236b7,c1cc2ccccc2[nH]1C1CCN(C)CC1c1cc2ccccc2[nH]1,bis(indolyl)-methylpiperazinyl,indolyl,methylpiperazinyl,cyano,358.62,2.11,47,1,4,7,0.622,0.473,True,0,0.725,True,PD-1
GEN_PD-1_00404,430bae3d,S(=O)(=O)COCCc1ccc(Cl)cc1,methylsulfonyl-ethoxy-chlorophenyl,chlorophenyl,ethoxy,methylsulfonyl,210.99,2.29,20,0,1,7,0.458,0.412,True,0,0.7249,True,PD-1
GEN_PD-1_00152,5e6a6d09,S(=O)(=O)CCCc1ccccc1,methylsulfonyl-ethyl-phenyl,phenyl,ethyl,methylsulfonyl,170.35,1.69,20,0,1,7,0.515,0.204,True,0,0.7246,True,PD-1
GEN_PD-1_00457,1ab8d8e4,c1ccc(C)cc1NCCc1ccc(C)cc1,bis(tolyl)-aminoethyl,tolyl,aminoethyl,acetamido,288.65,1.54,39,1,2,6,0.506,0.358,True,0,0.7243,True,PD-1
GEN_PD-1_00422,06575e44,c1cc2ccccc2[nH]1C1CCOCC1N(C)C,indolyl-morpholinyl-dimethylamino,indolyl,morpholinyl,dimethylamino,249.12,2.47,31,1,4,8,0.538,0.258,True,0,0.7228,True,PD-1
GEN_PD-1_00491,eff16c1e,c1ccccc1S(=O)(=O)NCS(=O)(=O)C,phenyl-sulfonamide-methylsulfonyl,phenyl,sulfonamide,methylsulfonyl,200.03,1.2,73,1,4,4,0.605,0.254,True,0,0.7225,True,PD-1
GEN_PD-1_00309,bd4a329b,c1ccc(N)cc1C1CCNCC1C(F)(F)F,aminophenyl-piperidinyl-trifluoromethyl,aminophenyl,piperidinyl,trifluoromethyl,198.7,1.22,22,0,4,7,0.537,0.402,True,0,0.7222,True,PD-1
GEN_PD-1_00409,e2edb9c8,c1ccc(F)cc1NC(=O)NCOC,fluorophenyl-urea-methoxy,fluorophenyl,urea,methoxy,199.23,1.41,63,2,3,2,0.575,0.571,True,0,0.7212,True,PD-1
GEN_PD-1_00093,db0b17fd,N1CCOCC1CCc1nc2ccccc2[nH]1,morpholino-ethyl-benzimidazolyl,benzimidazolyl,ethyl,morpholino,218.67,1.52,49,1,2,7,0.481,0.477,True,0,0.7191,True,PD-1
GEN_PD-1_00314,698dfa49,c1ccc(Cl)cc1NC(=O)NCS(=O)(=O)C,chlorophenyl-urea-methylsulfonyl,chlorophenyl,urea,methylsulfonyl,222.41,1.62,63,2,2,8,0.488,0.36,True,0,0.718,True,PD-1
GEN_PD-1_00135,e08e4008,c1ccc(F)cc1C(=O)NCc1ccc(F)cc1,bis(fluorophenyl)-amide,fluorophenyl,amide,cyano,256.74,0.98,53,1,4,8,0.535,0.445,True,0,0.7167,True,PD-1
GEN_PD-1_00219,8cee8737,c1ccccc1NC(=O)NCc1ccccc1,bis(phenyl)-urea,phenyl,urea,dimethylamino,256.34,1.34,56,2,3,2,0.478,0.584,True,0,0.7161,True,PD-1
GEN_PD-1_00428,e7b03d29,c1cc2ccccc2[nH]1OCCC(F)(F)F,indolyl-ethoxy-trifluoromethyl,indolyl,ethoxy,trifluoromethyl,236.01,2.89,26,1,4,6,0.534,0.543,True,0,0.7146,True,PD-1
GEN_PD-1_00365,9ba57b40,c1cc2c(cc1)OCO2C1CCN(C)CC1c1ccccc1,benzodioxolyl-methylpiperazinyl-phenyl,benzodioxolyl,methylpiperazinyl,phenyl,225.95,2.32,17,0,2,8,0.492,0.596,True,0,0.7145,True,PD-1
GEN_PD-1_00204,fc7ccc83,c1ccc(C)cc1C#CCC#N,tolyl-alkyne-cyano,tolyl,alkyne,cyano,161.87,2.11,34,0,1,8,0.529,0.275,True,0,0.7138,True,PD-1
GEN_PD-1_00179,cb40ae24,c1ccc(Cl)cc1CCOC,chlorophenyl-ethyl-methoxy,chlorophenyl,ethyl,methoxy,214.14,2.48,20,0,1,8,0.53,0.232,True,0,0.7137,True,PD-1
GEN_PD-1_00414,d6bf4f98,c1ccccc1C#CCOC,phenyl-alkyne-methoxy,phenyl,alkyne,methoxy,177.74,2.02,20,0,1,7,0.577,0.448,True,0,0.7122,True,PD-1
GEN_PD-1_00250,2dbc5605,c1ccc2c(c1)OCCO2C=CCS(=O)(=O)C,benzodioxanyl-alkene-methylsulfonyl,benzodioxanyl,alkene,methylsulfonyl,145.92,0.24,30,0,1,2,0.463,0.363,True,0,0.7117,True,PD-1
GEN_PD-1_00296,d6631362,C#NC1CCN(C)CC1c1ccc(OC)cc1,cyano-methylpiperazinyl-methoxyphenyl,methoxyphenyl,methylpiperazinyl,cyano,229.0,1.97,40,0,4,8,0.551,0.542,True,0,0.7117,True,PD-1
GEN_PD-1_00386,fbe0970a,c1ccccc1OCC#CCc1ccccc1,anisole-alkyne-phenyl,anisole,alkyne,phenyl,178.85,2.11,20,0,1,5,0.546,0.374,True,0,0.7116,True,PD-1
GEN_PD-1_00059,badd5cdd,N(C)CS(=O)(=O)NCc1ccc(C)cc1,dimethylamino-sulfonamide-tolyl,tolyl,sulfonamide,dimethylamino,216.02,2.65,66,1,5,6,0.545,0.24,True,0,0.7103,True,PD-1
GEN_PD-1_00046,a45a6c4b,C1=CC=CC=C1CCc1ccc(C)cc1,phenyl-alt-ethyl-tolyl,tolyl,ethyl,phenyl-alt,193.87,2.66,20,0,1,6,0.425,0.277,True,0,0.7098,True,PD-1
GEN_PD-1_00454,625ff77b,c1ccccc1OCC1CCNCC1c1ccccc1OC,bis(anisole)-piperidinyl,anisole,piperidinyl,phenyl-alt,235.14,0.46,32,0,1,2,0.547,0.319,True,0,0.7052,True,PD-1
GEN_PD-1_00335,d1f39f1d,c1ccc(F)cc1C=CCc1ccc(F)cc1,bis(fluorophenyl)-alkene,fluorophenyl,alkene,dimethylamino,280.84,2.51,13,0,2,8,0.584,0.382,True,0,0.7052,True,PD-1
GEN_PD-1_00345,c80e516b,C1=CC=CC=C1C1CCNCC1c1cc2ccccc2[nH]1,phenyl-alt-piperidinyl-indolyl,indolyl,piperidinyl,phenyl-alt,248.92,2.44,38,1,2,8,0.511,0.415,True,0,0.7049,True,PD-1
GEN_PD-1_00486,c6e4a0dd,c1ccc2c(c1)OCCO2C1CCN(C)CC1c1ccc2c(c1)OCCO2,bis(benzodioxanyl)-methylpiperazinyl,benzodioxanyl,methylpiperazinyl,phenyl-alt,247.34,0.37,27,0,2,4,0.484,0.328,True,0,0.7015,True,PD-1
GEN_PD-1_00090,4d6fdb4e,S(=O)(=O)CC(=O)NCc1ccccc1,methylsulfonyl-amide-phenyl,phenyl,amide,methylsulfonyl,164.85,1.49,39,1,2,8,0.408,0.581,True,0,0.7011,True,PD-1
GEN_LAG-3_00259,dd492f9a,c1ccc(C)cc1C=CCc1ccc(C)cc1,bis(tolyl)-alkene,tolyl,alkene,trifluoromethoxy,279.14,2.32,20,0,1,7,0.665,0.534,True,0,0.8814,True,LAG-3
GEN_LAG-3_00453,aa28adaf,c1cccnc1NCCc1cccnc1,bis(pyridyl)-aminoethyl,pyridyl,aminoethyl,dimethylamino,250.9,1.29,26,0,2,4,0.638,0.369,True,0,0.8666,True,LAG-3
GEN_LAG-3_00167,d7b90734,c1ccc(F)cc1C#CCc1ccc(F)cc1,bis(fluorophenyl)-alkyne,fluorophenyl,alkyne,methylsulfonyl,293.14,2.04,20,0,1,3,0.485,0.299,True,0,0.866,True,LAG-3
GEN_LAG-3_00386,68ace0ab,c1ccc(Cl)cc1C1CCOCC1c1ccc(Cl)cc1,bis(chlorophenyl)-morpholinyl,chlorophenyl,morpholinyl,t-butyl,354.83,2.31,22,0,2,4,0.54,0.424,True,0,0.8653,True,LAG-3
GEN_LAG-3_00209,3630eaf5,c1ccc(OC)cc1C#CCC1=CC=CC=C1,methoxyphenyl-alkyne-phenyl-alt,methoxyphenyl,alkyne,phenyl-alt,209.92,2.17,29,0,1,7,0.51,0.512,True,0,0.8634,True,LAG-3
GEN_LAG-3_00457,f6aa1ad8,c1ccc(F)cc1C1CCOCC1c1ccc(F)cc1,bis(fluorophenyl)-morpholinyl,fluorophenyl,morpholinyl,methylsulfonyl,328.64,1.7,22,0,3,8,0.535,0.47,True,0,0.8617,True,LAG-3
GEN_LAG-3_00210,6813402e,c1cccc(Cl)c1C1CCN(C)CC1c1ccccc1,m-chlorophenyl-methylpiperazinyl-phenyl,m-chlorophenyl,methylpiperazinyl,phenyl,222.46,2.08,17,0,2,4,0.537,0.425,True,0,0.8611,True,LAG-3
GEN_LAG-3_00246,521281f8,c1ccc(F)cc1C1CCN(C)CC1c1ccc(F)cc1,bis(fluorophenyl)-methylpiperazinyl,fluorophenyl,methylpiperazinyl,dimethylamino,333.92,3.32,10,0,4,5,0.539,0.392,True,0,0.8545,True,LAG-3
GEN_LAG-3_00361,ce55b345,c1ccc(N)cc1C1CCOCC1c1ccc(N)cc1,bis(aminophenyl)-morpholinyl,aminophenyl,morpholinyl,phenyl,264.33,1.4,22,0,2,7,0.542,0.562,True,0,0.8359,True,LAG-3
GEN_LAG-3_00130,99b424cf,C1=CC=CC=C1C=CCc1ccccc1,phenyl-alt-alkene-phenyl,phenyl,alkene,phenyl-alt,175.76,2.01,20,0,1,2,0.59,0.4,True,0,0.8347,True,LAG-3
GEN_LAG-3_00039,4498677f,c1ccc(OC)cc1CCS(=O)(=O)C,methoxyphenyl-ethyl-methylsulfonyl,methoxyphenyl,ethyl,methylsulfonyl,201.9,1.99,29,0,1,8,0.567,0.526,True,0,0.8325,True,LAG-3
GEN_LAG-3_00498,ff2aeffa,c1cccnc1C#CCc1cccnc1,bis(pyridyl)-alkyne,pyridyl,alkyne,phenyl-alt,254.5,0.94,33,0,1,2,0.624,0.348,True,0,0.8318,True,LAG-3
GEN_LAG-3_00237,da621e49,c1ccc(C)cc1CCc1ccc(C)cc1,bis(tolyl)-ethyl,tolyl,ethyl,methoxy,281.05,2.74,20,0,1,5,0.609,0.284,True,0,0.8308,True,LAG-3
GEN_LAG-3_00213,0f479f57,c1ccc(N)cc1C1CCNCC1OC,aminophenyl-piperidinyl-methoxy,aminophenyl,piperidinyl,methoxy,177.24,0.52,32,0,1,3,0.546,0.202,True,0,0.817,True,LAG-3
GEN_LAG-3_00249,59497d2a,c1nc2ccccc2[nH]1NCCN1CCOCC1,benzimidazolyl-aminoethyl-morpholino,benzimidazolyl,aminoethyl,morpholino,219.79,1.47,49,1,2,2,0.529,0.332,True,0,0.7989,True,LAG-3
GEN_LAG-3_00407,2276eef1,c1cc2ccccc2[nH]1C(=O)OCS(=O)(=O)C,indolyl-ester-methylsulfonyl,indolyl,ester,methylsulfonyl,215.55,2.08,36,1,1,8,0.502,0.543,True,0,0.797,True,LAG-3
GEN_LAG-3_00149,bd09f670,N(C)CC1CCOCC1c1cc2ccccc2[nH]1,dimethylamino-morpholinyl-indolyl,indolyl,morpholinyl,dimethylamino,242.36,2.24,31,1,4,5,0.578,0.369,True,0,0.7933,True,LAG-3
GEN_LAG-3_00020,02dcb91f,c1ccc(OC)cc1C(=O)NCc1ccc(OC)cc1,bis(methoxyphenyl)-amide,methoxyphenyl,amide,morpholino,304.18,1.54,48,1,3,2,0.623,0.403,True,0,0.7906,True,LAG-3
GEN_LAG-3_00026,241279fb,OC(F)(F)FC1CCOCC1c1cccnc1,trifluoromethoxy-morpholinyl-pyridyl,pyridyl,morpholinyl,trifluoromethoxy,216.68,0.16,35,0,3,7,0.453,0.216,True,0,0.7888,True,LAG-3
GEN_LAG-3_00003,43c5ba37,c1cc2ccccc2[nH]1C1CCNCC1c1cc2ccccc2[nH]1,bis(indolyl)-piperidinyl,indolyl,piperidinyl,dimethylamino,359.98,3.14,31,1,3,7,0.615,0.415,True,0,0.7863,True,LAG-3
GEN_LAG-3_00450,7234993e,c1ccccc1C(=O)OCc1ccc(OC)cc1,phenyl-ester-methoxyphenyl,methoxyphenyl,ester,phenyl,234.77,3.92,19,0,1,7,0.616,0.555,True,0,0.786,True,LAG-3
GEN_LAG-3_00207,cccca2c1,c1ccc(OC)cc1C(=O)OCOC(F)(F)F,methoxyphenyl-ester-trifluoromethoxy,methoxyphenyl,ester,trifluoromethoxy,202.69,2.38,29,0,1,5,0.454,0.579,True,0,0.785,True,LAG-3
GEN_LAG-3_00296,480cfc3a,c1cc2ccccc2[nH]1OCCOC(F)(F)F,indolyl-ethoxy-trifluoromethoxy,indolyl,ethoxy,trifluoromethoxy,216.64,2.08,36,1,1,3,0.54,0.231,True,0,0.7819,True,LAG-3
GEN_LAG-3_00102,fd7a9d45,OCNC(=O)NCc1ccc(C)cc1,methoxy-urea-tolyl,tolyl,urea,methoxy,201.34,1.42,63,2,2,5,0.47,0.579,True,0,0.7816,True,LAG-3
GEN_LAG-3_00074,4e5e176d,OC(F)(F)FCCc1ccc(N)cc1,trifluoromethoxy-ethyl-aminophenyl,aminophenyl,ethyl,trifluoromethoxy,151.96,0.05,30,0,1,8,0.474,0.422,True,0,0.776,True,LAG-3
GEN_LAG-3_00312,5c848933,c1ccccc1C1CCN(C)CC1c1ccccc1,bis(phenyl)-methylpiperazinyl,phenyl,methylpiperazinyl,phenyl-alt,296.25,2.03,17,0,2,4,0.594,0.599,True,0,0.7737,True,LAG-3
GEN_LAG-3_00192,06bcd070,C1=CC=CC=C1C1CCOCC1c1ccc(F)cc1,phenyl-alt-morpholinyl-fluorophenyl,fluorophenyl,morpholinyl,phenyl-alt,229.01,2.12,22,0,3,8,0.452,0.286,True,0,0.7733,True,LAG-3
GEN_LAG-3_00406,08692929,c1ccccc1C(=O)OCc1nc2ccccc2[nH]1,phenyl-ester-benzimidazolyl,benzimidazolyl,ester,phenyl,245.8,3.48,39,1,2,6,0.573,0.237,True,0,0.7679,True,LAG-3
GEN_LAG-3_00257,5cf08157,c1cccnc1OCCc1cccnc1,bis(pyridyl)-ethoxy,pyridyl,ethoxy,trifluoromethoxy,252.78,0.85,33,0,1,4,0.646,0.258,True,0,0.7663,True,LAG-3
GEN_LAG-3_00333,10db43ad,C1=CC=CC=C1CCc1ccccc1,phenyl-alt-ethyl-phenyl,phenyl,ethyl,phenyl-alt,174.05,2.12,20,0,1,3,0.505,0.562,True,0,0.766,True,LAG-3
GEN_LAG-3_00117,fb90c0e9,c1cccnc1CCOC,pyridyl-ethyl-methoxy,pyridyl,ethyl,methoxy,174.67,0.83,33,0,1,4,0.549,0.272,True,0,0.7637,True,LAG-3
GEN_LAG-3_00219,129c182e,C(C)(C)CC(=O)NCc1cc2ccccc2[nH]1,t-butyl-amide-indolyl,indolyl,amide,t-butyl,211.57,1.6,55,2,3,3,0.621,0.593,True,0,0.7627,True,LAG-3
GEN_LAG-3_00153,f4d28418,c1ccc(C)cc1OCCc1ccc(C)cc1,bis(tolyl)-ethoxy,tolyl,ethoxy,trifluoromethyl,295.54,3.53,10,0,3,5,0.644,0.336,True,0,0.7617,True,LAG-3
GEN_LAG-3_00190,ba99531a,c1cccc(Cl)c1C1CCOCC1OC(F)(F)F,m-chlorophenyl-morpholinyl-trifluoromethoxy,m-chlorophenyl,morpholinyl,trifluoromethoxy,188.83,-0.05,32,0,2,3,0.514,0.493,True,0,0.7563,True,LAG-3
GEN_LAG-3_00088,b71af971,S(=O)(=O)CC1CCN(C)CC1c1ccc(OC)cc1,methylsulfonyl-methylpiperazinyl-methoxyphenyl,methoxyphenyl,methylpiperazinyl,methylsulfonyl,258.62,2.14,26,0,3,4,0.611,0.32,True,0,0.7555,True,LAG-3
GEN_LAG-3_00444,909052cd,C(F)(F)FC=CCc1ccc(F)cc1,trifluoromethyl-alkene-fluorophenyl,fluorophenyl,alkene,trifluoromethyl,208.56,3.23,10,0,4,7,0.583,0.578,True,0,0.7549,True,LAG-3
GEN_LAG-3_00484,db0b17fd,N1CCOCC1CCc1nc2ccccc2[nH]1,morpholino-ethyl-benzimidazolyl,benzimidazolyl,ethyl,morpholino,213.84,1.77,49,1,2,5,0.584,0.435,True,0,0.7534,True,LAG-3
GEN_LAG-3_00002,295096ae,S(=O)(=O)CC1CCN(C)CC1c1ccc(C)cc1,methylsulfonyl-methylpiperazinyl-tolyl,tolyl,methylpiperazinyl,methylsulfonyl,233.71,2.95,17,0,2,7,0.494,0.268,True,0,0.7527,True,LAG-3
GEN_LAG-3_00443,6a8182f2,c1ccccc1CCc1ccccc1,bis(phenyl)-ethyl,phenyl,ethyl,dimethylamino,242.84,2.25,13,0,1,5,0.547,0.266,True,0,0.7518,True,LAG-3
GEN_LAG-3_00261,54303f7c,c1ccc(OC)cc1CCOC(F)(F)F,methoxyphenyl-ethyl-trifluoromethoxy,methoxyphenyl,ethyl,trifluoromethoxy,203.55,2.38,29,0,1,6,0.564,0.573,True,0,0.7514,True,LAG-3
GEN_LAG-3_00422,77548e1b,c1ccccc1NCCc1ccccc1,bis(phenyl)-aminoethyl,phenyl,aminoethyl,dimethylamino,246.77,2.61,13,0,1,4,0.513,0.252,True,0,0.7492,True,LAG-3
GEN_LAG-3_00330,910a3339,c1ccccc1C(=O)NCc1ccccc1,bis(phenyl)-amide,phenyl,amide,trifluoromethyl,267.52,2.31,29,1,5,5,0.51,0.486,True,0,0.7489,True,LAG-3
GEN_LAG-3_00486,377805a2,c1ccc(F)cc1OCCc1ccc(F)cc1,bis(fluorophenyl)-ethoxy,fluorophenyl,ethoxy,trifluoromethoxy,287.43,2.52,20,0,1,6,0.578,0.435,True,0,0.7463,True,LAG-3
GEN_LAG-3_00398,0c10ae4b,S(=O)(=O)CC1CCOCC1c1ccc(F)cc1,methylsulfonyl-morpholinyl-fluorophenyl,fluorophenyl,morpholinyl,methylsulfonyl,234.47,2.07,22,0,3,4,0.597,0.486,True,0,0.7434,True,LAG-3
GEN_LAG-3_00239,4f470f7a,c1cccc(Cl)c1NCCc1cccc(Cl)c1,bis(m-chlorophenyl)-aminoethyl,m-chlorophenyl,aminoethyl,phenyl,221.14,1.6,20,0,1,2,0.586,0.228,True,0,0.7419,True,LAG-3
GEN_LAG-3_00214,dce463bb,C(C)(C)CC1CCN(C)CC1c1ccc(F)cc1,t-butyl-methylpiperazinyl-fluorophenyl,fluorophenyl,methylpiperazinyl,t-butyl,240.55,2.67,17,0,3,4,0.468,0.384,True,0,0.7401,True,LAG-3
GEN_LAG-3_00371,f618ac27,c1cccnc1C#CCC(F)(F)F,pyridyl-alkyne-trifluoromethyl,pyridyl,alkyne,trifluoromethyl,195.65,1.49,23,0,4,7,0.497,0.33,True,0,0.7399,True,LAG-3
GEN_LAG-3_00455,e8db1afd,c1cnccn1C=CCc1cnccn1,bis(pyrimidinyl)-alkene,pyrimidinyl,alkene,trifluoromethyl,212.14,0.81,20,0,3,8,0.608,0.534,True,0,0.7396,True,LAG-3
GEN_LAG-3_00420,4d106b2c,c1ccccc1OCC1CCN(C)CC1c1ccccc1OC,bis(anisole)-methylpiperazinyl,anisole,methylpiperazinyl,phenyl,277.72,2.38,17,0,2,6,0.531,0.556,True,0,0.7383,True,LAG-3
GEN_LAG-3_00402,71bacee5,c1ccccc1OCCc1ccccc1,phenyl-ethoxy-phenyl,phenyl,ethoxy,phenyl,205.32,3.67,10,0,1,5,0.607,0.375,True,0,0.738,True,LAG-3
GEN_LAG-3_00080,6c09b4dc,C(C)(C)CC#CCc1ccc(OC)cc1,t-butyl-alkyne-methoxyphenyl,methoxyphenyl,alkyne,t-butyl,209.92,2.24,29,0,1,3,0.477,0.335,True,0,0.7377,True,LAG-3
GEN_LAG-3_00267,3c651058,c1ccc(C)cc1OCCOC,tolyl-ethoxy-methoxy,tolyl,ethoxy,methoxy,191.77,2.75,20,0,1,4,0.43,0.247,True,0,0.737,True,LAG-3
GEN_LAG-3_00346,8947fc40,S(=O)(=O)COCCc1cc2ccccc2[nH]1,methylsulfonyl-ethoxy-indolyl,indolyl,ethoxy,methylsulfonyl,211.62,1.93,36,1,1,6,0.584,0.56,True,0,0.7364,True,LAG-3
GEN_LAG-3_00069,d5c84871,c1ccc(Cl)cc1C(=O)OCC1=CC=CC=C1,chlorophenyl-ester-phenyl-alt,chlorophenyl,ester,phenyl-alt,207.29,2.5,20,0,1,7,0.437,0.347,True,0,0.7325,True,LAG-3
GEN_LAG-3_00022,fcb58f53,c1nc2ccccc2[nH]1C1CCNCC1C(F)(F)F,benzimidazolyl-piperidinyl-trifluoromethyl,benzimidazolyl,piperidinyl,trifluoromethyl,268.23,2.99,41,1,6,3,0.65,0.396,True,0,0.7325,True,LAG-3
GEN_LAG-3_00164,867b835a,C#NC=CCc1ccc(F)cc1,cyano-alkene-fluorophenyl,fluorophenyl,alkene,cyano,167.41,2.02,34,0,2,5,0.525,0.31,True,0,0.7317,True,LAG-3
GEN_LAG-3_00418,00172088,c1ccc(OC)cc1C=CCc1ccc(OC)cc1,bis(methoxyphenyl)-alkene,methoxyphenyl,alkene,morpholino,312.44,1.89,29,0,1,4,0.552,0.289,True,0,0.7309,True,LAG-3
GEN_LAG-3_00197,742af783,c1ccccc1OCC1CCN(C)CC1C(C)(C)C,anisole-methylpiperazinyl-t-butyl,anisole,methylpiperazinyl,t-butyl,199.05,0.36,27,0,2,7,0.443,0.415,True,0,0.7305,True,LAG-3
GEN_LAG-3_00451,31535990,c1ccc(OC)cc1C=CCN1CCOCC1,methoxyphenyl-alkene-morpholino,methoxyphenyl,alkene,morpholino,207.39,2.14,29,0,1,8,0.533,0.289,True,0,0.7304,True,LAG-3
GEN_LAG-3_00033,69a2dfa1,C(C)(C)CC1CCN(C)CC1c1ccc(Cl)cc1,t-butyl-methylpiperazinyl-chlorophenyl,chlorophenyl,methylpiperazinyl,t-butyl,262.16,2.79,17,0,2,5,0.465,0.284,True,0,0.7297,True,LAG-3
GEN_LAG-3_00152,7a8b02ab,c1ccc(Cl)cc1NCCc1ccc(Cl)cc1,bis(chlorophenyl)-aminoethyl,chlorophenyl,aminoethyl,phenyl,346.79,4.43,10,0,1,4,0.696,0.319,True,0,0.7293,True,LAG-3
GEN_LAG-3_00395,7c0f6a13,c1ccc(Cl)cc1C1CCN(C)CC1c1ccc(Cl)cc1,bis(chlorophenyl)-methylpiperazinyl,chlorophenyl,methylpiperazinyl,methylsulfonyl,369.26,3.04,17,0,2,6,0.555,0.542,True,0,0.7287,True,LAG-3
GEN_LAG-3_00079,06e35323,c1ccc(Cl)cc1C(=O)OCc1ccc(Cl)cc1,bis(chlorophenyl)-ester,chlorophenyl,ester,methylsulfonyl,321.26,2.46,20,0,1,7,0.511,0.227,True,0,0.7276,True,LAG-3
GEN_LAG-3_00084,10f355a9,c1ccc(F)cc1C(=O)OCc1ccc(F)cc1,bis(fluorophenyl)-ester,fluorophenyl,ester,cyano,269.68,1.82,34,0,2,7,0.628,0.301,True,0,0.7272,True,LAG-3
GEN_LAG-3_00001,fa824726,c1ccc(C#N)cc1C#CCc1ccc(C#N)cc1,bis(cyanophenyl)-alkyne,cyanophenyl,alkyne,t-butyl,201.45,0.04,30,0,1,6,0.453,0.5,True,0,0.7266,True,LAG-3
GEN_LAG-3_00277,1e550d59,c1cnccn1C1CCOCC1c1cnccn1,bis(pyrimidinyl)-morpholinyl,pyrimidinyl,morpholinyl,phenyl-alt,231.31,-0.32,32,0,2,2,0.474,0.487,True,0,0.724,True,LAG-3
GEN_LAG-3_00487,2f2c629a,c1ccc(C#N)cc1C#CCc1ccccc1,cyanophenyl-alkyne-phenyl,cyanophenyl,alkyne,phenyl,175.69,1.72,20,0,1,6,0.602,0.599,True,0,0.7237,True,LAG-3
GEN_LAG-3_00054,046fbf19,c1ccc(C#N)cc1C1CCOCC1c1ccc(C#N)cc1,bis(cyanophenyl)-morpholinyl,cyanophenyl,morpholinyl,morpholino,238.93,-0.11,32,0,2,7,0.503,0.448,True,0,0.7236,True,LAG-3
GEN_LAG-3_00431,4947d363,c1ccc(OC)cc1C1CCN(C)CC1N1CCOCC1,methoxyphenyl-methylpiperazinyl-morpholino,methoxyphenyl,methylpiperazinyl,morpholino,249.77,2.19,26,0,3,2,0.503,0.518,True,0,0.7225,True,LAG-3
GEN_LAG-3_00073,d96996b4,c1ccc(OC)cc1C1CCOCC1c1ccc(OC)cc1,bis(methoxyphenyl)-morpholinyl,methoxyphenyl,morpholinyl,phenyl,370.08,3.91,21,0,3,8,0.586,0.572,True,0,0.7223,True,LAG-3
GEN_LAG-3_00217,69055948,c1ccccc1NCCC(F)(F)F,phenyl-aminoethyl-trifluoromethyl,phenyl,aminoethyl,trifluoromethyl,198.2,2.97,10,0,3,5,0.539,0.244,True,0,0.722,True,LAG-3
GEN_LAG-3_00309,53d368ff,c1ccc(C)cc1NC(=O)NCc1ccc(C)cc1,bis(tolyl)-urea,tolyl,urea,methylsulfonyl,289.56,1.29,63,2,2,6,0.646,0.332,True,0,0.721,True,LAG-3
GEN_LAG-3_00331,96948d33,c1ccc(F)cc1C1CCNCC1C(F)(F)F,fluorophenyl-piperidinyl-trifluoromethyl,fluorophenyl,piperidinyl,trifluoromethyl,247.06,3.96,12,0,5,3,0.47,0.24,True,0,0.7198,True,LAG-3
GEN_LAG-3_00411,5b77afb8,S(=O)(=O)CC=CCc1ccc2c(c1)OCCO2,methylsulfonyl-alkene-benzodioxanyl,benzodioxanyl,alkene,methylsulfonyl,145.24,0.01,30,0,1,5,0.554,0.534,True,0,0.7195,True,LAG-3
GEN_LAG-3_00256,332fe6b7,c1cc2c(cc1)OCO2OCCc1cc2c(cc1)OCO2,bis(benzodioxolyl)-ethoxy,benzodioxolyl,ethoxy,dimethylamino,191.53,0.51,23,0,1,3,0.535,0.552,True,0,0.7188,True,LAG-3
GEN_LAG-3_00385,0dd18797,c1ccc(OC)cc1C1CCOCC1S(=O)(=O)C,methoxyphenyl-morpholinyl-methylsulfonyl,methoxyphenyl,morpholinyl,methylsulfonyl,239.36,1.95,31,0,3,7,0.613,0.582,True,0,0.7185,True,LAG-3
GEN_LAG-3_00367,2da922ce,c1ccc(Cl)cc1CCc1ccc(Cl)cc1,bis(chlorophenyl)-ethyl,chlorophenyl,ethyl,morpholino,325.91,2.43,20,0,1,6,0.522,0.389,True,0,0.7171,True,LAG-3
GEN_LAG-3_00358,f4988c42,c1ccc(Cl)cc1C(=O)NCN1CCOCC1,chlorophenyl-amide-morpholino,chlorophenyl,amide,morpholino,208.44,1.7,39,1,2,4,0.537,0.593,True,0,0.7167,True,LAG-3
GEN_LAG-3_00183,a2ab155a,c1cc2c(cc1)OCO2C1CCN(C)CC1c1cc2c(cc1)OCO2,bis(benzodioxolyl)-methylpiperazinyl,benzodioxolyl,methylpiperazinyl,acetamido,251.22,-0.31,46,1,4,2,0.454,0.32,True,0,0.7165,True,LAG-3
GEN_LAG-3_00142,ddf09e3f,c1ccc(C)cc1C1CCNCC1c1ccc(C)cc1,bis(tolyl)-piperidinyl,tolyl,piperidinyl,phenyl,338.97,4.78,12,0,1,7,0.67,0.353,True,0,0.7164,True,LAG-3
GEN_LAG-3_00263,9d166bd7,c1cc2ccccc2[nH]1NCCc1cc2ccccc2[nH]1,bis(indolyl)-aminoethyl,indolyl,aminoethyl,dimethylamino,326.18,2.53,29,1,2,4,0.503,0.571,True,0,0.7159,True,LAG-3
GEN_LAG-3_00338,391ac9e7,c1ccc(C)cc1C1CCOCC1S(=O)(=O)C,tolyl-morpholinyl-methylsulfonyl,tolyl,morpholinyl,methylsulfonyl,228.15,2.23,22,0,2,3,0.518,0.506,True,0,0.7153,True,LAG-3
GEN_LAG-3_00461,280b41a4,c1ccc(OC)cc1NCCS(=O)(=O)C,methoxyphenyl-aminoethyl-methylsulfonyl,methoxyphenyl,aminoethyl,methylsulfonyl,206.54,2.25,29,0,1,7,0.59,0.44,True,0,0.7137,True,LAG-3
GEN_LAG-3_00340,51241360,OCC1CCN(C)CC1c1ccc(Cl)cc1,methoxy-methylpiperazinyl-chlorophenyl,chlorophenyl,methylpiperazinyl,methoxy,254.21,2.51,17,0,2,6,0.473,0.535,True,0,0.7125,True,LAG-3
GEN_LAG-3_00101,06e8c8b4,c1ccccc1C(=O)OCc1ccc(C#N)cc1,phenyl-ester-cyanophenyl,cyanophenyl,ester,phenyl,177.44,1.87,20,0,1,2,0.569,0.457,True,0,0.7121,True,LAG-3
GEN_LAG-3_00321,8b7698b6,C#NC1CCN(C)CC1c1cc2ccccc2[nH]1,cyano-methylpiperazinyl-indolyl,indolyl,methylpiperazinyl,cyano,242.49,1.88,47,1,4,6,0.547,0.527,True,0,0.7115,True,LAG-3
GEN_LAG-3_00303,c21fca6c,c1ccc(OC)cc1NC(=O)NCc1ccc(OC)cc1,bis(methoxyphenyl)-urea,methoxyphenyl,urea,acetamido,327.01,0.14,91,3,5,3,0.646,0.463,True,0,0.7102,True,LAG-3
GEN_LAG-3_00439,91ee3917,c1cc2c(cc1)OCO2C1CCNCC1N1CCOCC1,benzodioxolyl-piperidinyl-morpholino,benzodioxolyl,piperidinyl,morpholino,182.31,0.34,32,0,1,3,0.6,0.485,True,0,0.7098,True,LAG-3
GEN_LAG-3_00426,af29fc61,c1nc2ccccc2[nH]1NCCc1nc2ccccc2[nH]1,bis(benzimidazolyl)-aminoethyl,benzimidazolyl,aminoethyl,morpholino,332.42,1.52,49,1,2,2,0.527,0.453,True,0,0.7098,True,LAG-3
GEN_LAG-3_00060,abb549f5,c1ccc(OC)cc1CCNC(C)=O,methoxyphenyl-ethyl-acetamido,methoxyphenyl,ethyl,acetamido,211.27,1.5,48,1,3,8,0.527,0.226,True,0,0.7066,True,LAG-3
GEN_LAG-3_00195,e9396f6e,c1ccc(OC)cc1NC(=O)NCC#N,methoxyphenyl-urea-cyano,methoxyphenyl,urea,cyano,194.53,0.4,86,2,4,3,0.508,0.562,True,0,0.7054,True,LAG-3
GEN_LAG-3_00094,1aa2d9af,c1ccc(C)cc1OCCN(C)C,tolyl-ethoxy-dimethylamino,tolyl,ethoxy,dimethylamino,183.61,3.17,13,0,1,4,0.51,0.384,True,0,0.7053,True,LAG-3
GEN_LAG-3_00428,0d32e957,c1ccc(C)cc1C(=O)NCc1ccc(C)cc1,bis(tolyl)-amide,tolyl,amide,phenyl-alt,269.1,1.81,39,1,2,5,0.58,0.52,True,0,0.7053,True,LAG-3
GEN_LAG-3_00225,5143f7e0,c1ccc(Cl)cc1C(=O)NCC(C)(C)C,chlorophenyl-amide-t-butyl,chlorophenyl,amide,t-butyl,202.26,1.54,39,1,2,4,0.565,0.419,True,0,0.705,True,LAG-3
GEN_LAG-3_00023,3b6db70d,c1ccc(Cl)cc1C=CCc1ccc(Cl)cc1,bis(chlorophenyl)-alkene,chlorophenyl,alkene,methylsulfonyl,319.11,2.26,20,0,1,7,0.531,0.216,True,0,0.7048,True,LAG-3
GEN_LAG-3_00150,a57a9d57,C#NC1CCN(C)CC1c1ccc(C)cc1,cyano-methylpiperazinyl-tolyl,tolyl,methylpiperazinyl,cyano,217.91,2.23,31,0,3,4,0.483,0.573,True,0,0.7041,True,LAG-3
GEN_LAG-3_00241,a37d9727,c1ccc(C#N)cc1C1CCNCC1c1ccc(C#N)cc1,bis(cyanophenyl)-piperidinyl,cyanophenyl,piperidinyl,morpholino,233.22,0.68,32,0,1,3,0.514,0.391,True,0,0.7041,True,LAG-3
GEN_LAG-3_00307,5b592b86,c1ccccc1C1CCNCC1C(F)(F)F,phenyl-piperidinyl-trifluoromethyl,phenyl,piperidinyl,trifluoromethyl,231.4,3.42,12,0,4,7,0.621,0.552,True,0,0.7035,True,LAG-3
GEN_LAG-3_00434,f540166e,c1ccc(F)cc1CCc1ccc(F)cc1,bis(fluorophenyl)-ethyl,fluorophenyl,ethyl,trifluoromethyl,310.23,2.93,10,0,4,4,0.505,0.393,True,0,0.703,True,LAG-3
GEN_LAG-3_00329,c1673e68,N1CCOCC1CCc1ccc(Cl)cc1,morpholino-ethyl-chlorophenyl,chlorophenyl,ethyl,morpholino,209.25,2.34,20,0,1,4,0.467,0.509,True,0,0.7028,True,LAG-3
GEN_LAG-3_00288,3fa2aede,c1cccc(Cl)c1C(=O)OCc1cccc(Cl)c1,bis(m-chlorophenyl)-ester,m-chlorophenyl,ester,methylsulfonyl,197.33,-0.05,30,0,1,8,0.613,0.585,True,0,0.7023,True,LAG-3
GEN_LAG-3_00095,beca299e,c1ccccc1NCCc1cccc(Cl)c1,phenyl-aminoethyl-m-chlorophenyl,m-chlorophenyl,aminoethyl,phenyl,170.27,1.72,20,0,1,4,0.545,0.578,True,0,0.7014,True,LAG-3
GEN_LAG-3_00497,d1f39f1d,c1ccc(F)cc1C=CCc1ccc(F)cc1,bis(fluorophenyl)-alkene,fluorophenyl,alkene,acetamido,296.34,1.73,39,1,3,3,0.641,0.507,True,0,0.7004,True,LAG-3
GEN_LAG-3_00459,4f942c35,c1ccc(Cl)cc1C(=O)NCc1ccc(Cl)cc1,bis(chlorophenyl)-amide,chlorophenyl,amide,methylsulfonyl,318.51,2.04,39,1,2,6,0.625,0.449,True,0,0.7001,True,LAG-3
GEN_TIM-3_00113,68ace0ab,c1ccc(Cl)cc1C1CCOCC1c1ccc(Cl)cc1,bis(chlorophenyl)-morpholinyl,chlorophenyl,morpholinyl,methoxy,355.17,2.19,22,0,2,2,0.706,0.471,True,0,0.8889,True,TIM-3
GEN_TIM-3_00212,e129099e,c1ccccc1C1CCNCC1c1cnccn1,phenyl-piperidinyl-pyrimidinyl,pyrimidinyl,piperidinyl,phenyl,205.91,2.14,22,0,1,7,0.616,0.443,True,0,0.8758,True,TIM-3
GEN_TIM-3_00084,f80a1c5f,c1ccc(F)cc1OCCS(=O)(=O)C,fluorophenyl-ethoxy-methylsulfonyl,fluorophenyl,ethoxy,methylsulfonyl,192.46,2.36,20,0,1,2,0.601,0.505,True,0,0.8703,True,TIM-3
GEN_TIM-3_00247,41c8bfed,c1ccc(Cl)cc1C1CCNCC1c1ccc(Cl)cc1,bis(chlorophenyl)-piperidinyl,chlorophenyl,piperidinyl,trifluoromethoxy,359.02,2.74,22,0,1,4,0.706,0.343,True,0,0.8654,True,TIM-3
GEN_TIM-3_00019,2ab18810,c1ccc(C#N)cc1CCc1ccc(C#N)cc1,bis(cyanophenyl)-ethyl,cyanophenyl,ethyl,morpholino,200.94,-0.05,30,0,1,8,0.565,0.587,True,0,0.8642,True,TIM-3
GEN_TIM-3_00188,ddf09e3f,c1ccc(C)cc1C1CCNCC1c1ccc(C)cc1,bis(tolyl)-piperidinyl,tolyl,piperidinyl,morpholino,308.59,2.72,22,0,1,7,0.58,0.541,True,0,0.8565,True,TIM-3
GEN_TIM-3_00072,377805a2,c1ccc(F)cc1OCCc1ccc(F)cc1,bis(fluorophenyl)-ethoxy,fluorophenyl,ethoxy,methoxy,285.45,2.58,20,0,1,3,0.593,0.581,True,0,0.854,True,TIM-3
GEN_TIM-3_00482,330fd425,S(=O)(=O)CC#CCc1cc2ccccc2[nH]1,methylsulfonyl-alkyne-indolyl,indolyl,alkyne,methylsulfonyl,219.05,2.26,36,1,1,7,0.629,0.456,True,0,0.8464,True,TIM-3
GEN_TIM-3_00371,d31236b7,c1cc2ccccc2[nH]1C1CCN(C)CC1c1cc2ccccc2[nH]1,bis(indolyl)-methylpiperazinyl,indolyl,methylpiperazinyl,cyano,357.06,1.89,47,1,4,4,0.678,0.563,True,0,0.8435,True,TIM-3
GEN_TIM-3_00257,5b538140,OC(F)(F)FC=CCc1ccccc1,trifluoromethoxy-alkene-phenyl,phenyl,alkene,trifluoromethoxy,174.67,2.08,20,0,1,8,0.519,0.538,True,0,0.8367,True,TIM-3
GEN_TIM-3_00089,8fd889ce,N(C)CC(=O)OCc1ccc(OC)cc1,dimethylamino-ester-methoxyphenyl,methoxyphenyl,ester,dimethylamino,194.34,2.8,22,0,2,8,0.614,0.504,True,0,0.8304,True,TIM-3
GEN_TIM-3_00227,5055b74f,c1ccccc1C#CCc1ccc(OC)cc1,phenyl-alkyne-methoxyphenyl,methoxyphenyl,alkyne,phenyl,232.94,4.09,19,0,1,5,0.598,0.591,True,0,0.8302,True,TIM-3
GEN_TIM-3_00368,992f8fbd,c1ccc2c(c1)OCCO2C1CCNCC1c1ccc2c(c1)OCCO2,bis(benzodioxanyl)-piperidinyl,benzodioxanyl,piperidinyl,methylsulfonyl,234.43,0.66,32,0,1,2,0.602,0.558,True,0,0.8178,True,TIM-3
GEN_TIM-3_00134,3544f6bc,c1cccnc1NCCC(C)(C)C,pyridyl-aminoethyl-t-butyl,pyridyl,aminoethyl,t-butyl,181.7,0.96,33,0,1,4,0.552,0.535,True,0,0.8151,True,TIM-3
GEN_TIM-3_00023,62faf7bb,OC(F)(F)FC(=O)OCc1ccc(Cl)cc1,trifluoromethoxy-ester-chlorophenyl,chlorophenyl,ester,trifluoromethoxy,209.77,2.78,20,0,1,3,0.476,0.413,True,0,0.8098,True,TIM-3
GEN_TIM-3_00449,53d368ff,c1ccc(C)cc1NC(=O)NCc1ccc(C)cc1,bis(tolyl)-urea,tolyl,urea,methoxy,292.2,1.56,63,2,2,4,0.549,0.497,True,0,0.7986,True,TIM-3
GEN_TIM-3_00299,4f942c35,c1ccc(Cl)cc1C(=O)NCc1ccc(Cl)cc1,bis(chlorophenyl)-amide,chlorophenyl,amide,t-butyl,318.89,1.87,39,1,2,2,0.564,0.591,True,0,0.7931,True,TIM-3
GEN_TIM-3_00170,89b4764e,OCC1CCNCC1c1ccc(F)cc1,methoxy-piperidinyl-fluorophenyl,fluorophenyl,piperidinyl,methoxy,226.86,3.07,22,0,2,6,0.613,0.571,True,0,0.7883,True,TIM-3
GEN_TIM-3_00445,09f4c5ff,c1nc2ccccc2[nH]1C(=O)OCc1nc2ccccc2[nH]1,bis(benzimidazolyl)-ester,benzimidazolyl,ester,trifluoromethyl,354.89,2.46,39,1,5,8,0.522,0.508,True,0,0.7834,True,TIM-3
GEN_TIM-3_00375,310926ad,c1cnccn1C1CCNCC1c1cnccn1,bis(pyrimidinyl)-piperidinyl,pyrimidinyl,piperidinyl,phenyl-alt,232.63,0.66,32,0,1,2,0.631,0.505,True,0,0.783,True,TIM-3
GEN_TIM-3_00118,1570d0f0,c1cc2c(cc1)OCO2C1CCN(C)CC1OC,benzodioxolyl-methylpiperazinyl-methoxy,benzodioxolyl,methylpiperazinyl,methoxy,201.94,0.59,27,0,2,6,0.476,0.458,True,0,0.7822,True,TIM-3
GEN_TIM-3_00030,3f889ede,c1cc2ccccc2[nH]1CCc1cc2ccccc2[nH]1,bis(indolyl)-ethyl,indolyl,ethyl,methoxy,329.35,2.06,36,1,1,2,0.56,0.423,True,0,0.7807,True,TIM-3
GEN_TIM-3_00417,c21fca6c,c1ccc(OC)cc1NC(=O)NCc1ccc(OC)cc1,bis(methoxyphenyl)-urea,methoxyphenyl,urea,methylsulfonyl,317.69,1.14,72,2,3,4,0.545,0.526,True,0,0.7798,True,TIM-3
GEN_TIM-3_00296,a19943ac,S(=O)(=O)CC(=O)OCc1ccccc1,methylsulfonyl-ester-phenyl,phenyl,ester,methylsulfonyl,176.04,2.09,20,0,1,2,0.541,0.598,True,0,0.7791,True,TIM-3
GEN_TIM-3_00135,2da922ce,c1ccc(Cl)cc1CCc1ccc(Cl)cc1,bis(chlorophenyl)-ethyl,chlorophenyl,ethyl,morpholino,322.87,2.36,20,0,1,4,0.664,0.548,True,0,0.7786,True,TIM-3
GEN_TIM-3_00273,144bead3,OC(F)(F)FOCCc1ccccc1,trifluoromethoxy-ethoxy-phenyl,phenyl,ethoxy,trifluoromethoxy,173.39,2.12,20,0,1,2,0.555,0.563,True,0,0.7774,True,TIM-3
GEN_TIM-3_00451,9af378d5,c1ccc(C)cc1C(=O)NCC1=CC=CC=C1,tolyl-amide-phenyl-alt,tolyl,amide,phenyl-alt,185.72,2.02,39,1,2,8,0.567,0.428,True,0,0.7766,True,TIM-3
GEN_TIM-3_00067,d535a9e8,c1ccc(F)cc1NCCc1ccc(F)cc1,bis(fluorophenyl)-aminoethyl,fluorophenyl,aminoethyl,dimethylamino,280.28,2.97,13,0,2,4,0.576,0.588,True,0,0.7743,True,TIM-3
GEN_TIM-3_00415,8218ddaa,c1nc2ccccc2[nH]1CCc1nc2ccccc2[nH]1,bis(benzimidazolyl)-ethyl,benzimidazolyl,ethyl,methylsulfonyl,334.45,1.21,49,1,2,3,0.51,0.523,True,0,0.7734,True,TIM-3
GEN_TIM-3_00357,da691ddf,OC(F)(F)FC1CCNCC1c1ccc(Cl)cc1,trifluoromethoxy-piperidinyl-chlorophenyl,chlorophenyl,piperidinyl,trifluoromethoxy,248.42,3.2,22,0,1,4,0.585,0.37,True,0,0.7667,True,TIM-3
GEN_TIM-3_00474,7c0f6a13,c1ccc(Cl)cc1C1CCN(C)CC1c1ccc(Cl)cc1,bis(chlorophenyl)-methylpiperazinyl,chlorophenyl,methylpiperazinyl,morpholino,373.6,2.79,17,0,2,2,0.567,0.36,True,0,0.7666,True,TIM-3
GEN_TIM-3_00007,618b2507,OC(F)(F)FC1CCN(C)CC1c1ccccc1,trifluoromethoxy-methylpiperazinyl-phenyl,phenyl,methylpiperazinyl,trifluoromethoxy,224.35,2.37,17,0,2,8,0.468,0.562,True,0,0.7621,True,TIM-3
GEN_TIM-3_00267,ce1e9960,c1cc2ccccc2[nH]1OCCC(C)(C)C,indolyl-ethoxy-t-butyl,indolyl,ethoxy,t-butyl,212.72,1.86,36,1,1,2,0.622,0.352,True,0,0.7606,True,TIM-3
GEN_TIM-3_00068,5c848933,c1ccccc1C1CCN(C)CC1c1ccccc1,bis(phenyl)-methylpiperazinyl,phenyl,methylpiperazinyl,dimethylamino,291.97,2.54,10,0,3,6,0.623,0.472,True,0,0.7588,True,TIM-3
GEN_TIM-3_00272,71a1ff1f,OCC1CCOCC1c1ccc(Cl)cc1,methoxy-morpholinyl-chlorophenyl,chlorophenyl,morpholinyl,methoxy,244.83,2.38,22,0,2,6,0.481,0.592,True,0,0.7586,True,TIM-3
GEN_TIM-3_00152,d6eddc55,C(C)(C)COCCc1ccc(F)cc1,t-butyl-ethoxy-fluorophenyl,fluorophenyl,ethoxy,t-butyl,195.06,2.54,20,0,1,6,0.526,0.49,True,0,0.757,True,TIM-3
GEN_TIM-3_00205,758bf780,C(C)(C)CC1CCOCC1c1cc2ccccc2[nH]1,t-butyl-morpholinyl-indolyl,indolyl,morpholinyl,t-butyl,251.22,1.62,38,1,3,3,0.576,0.216,True,0,0.7538,True,TIM-3
GEN_TIM-3_00300,f6aa1ad8,c1ccc(F)cc1C1CCOCC1c1ccc(F)cc1,bis(fluorophenyl)-morpholinyl,fluorophenyl,morpholinyl,trifluoromethoxy,329.43,2.07,22,0,3,8,0.634,0.247,True,0,0.7523,True,TIM-3
GEN_TIM-3_00201,12e43cce,c1cccnc1C(=O)NCc1cccnc1,bis(pyridyl)-amide,pyridyl,amide,trifluoromethoxy,253.43,0.19,52,1,3,2,0.506,0.572,True,0,0.7497,True,TIM-3
GEN_TIM-3_00411,259df43d,c1ccc(OC)cc1C(=O)NCNC(C)=O,methoxyphenyl-amide-acetamido,methoxyphenyl,amide,acetamido,210.11,0.38,67,2,5,2,0.583,0.587,True,0,0.7495,True,TIM-3
GEN_TIM-3_00466,c0299de9,c1ccc2c(c1)OCCO2S(=O)(=O)NCc1ccc2c(c1)OCCO2,bis(benzodioxanyl)-sulfonamide,benzodioxanyl,sulfonamide,methylsulfonyl,224.45,-0.43,83,1,4,2,0.587,0.578,True,0,0.7495,True,TIM-3
GEN_TIM-3_00127,e36d819d,c1ccccc1OCCC1=CC=CC=C1,phenyl-ethoxy-phenyl-alt,phenyl,ethoxy,phenyl-alt,172.65,2.04,20,0,1,4,0.592,0.227,True,0,0.7483,True,TIM-3
GEN_TIM-3_00253,d1f39f1d,c1ccc(F)cc1C=CCc1ccc(F)cc1,bis(fluorophenyl)-alkene,fluorophenyl,alkene,trifluoromethoxy,290.87,2.34,20,0,1,8,0.503,0.597,True,0,0.7477,True,TIM-3
GEN_TIM-3_00305,42b64d56,c1ccc(F)cc1C1CCOCC1S(=O)(=O)C,fluorophenyl-morpholinyl-methylsulfonyl,fluorophenyl,morpholinyl,methylsulfonyl,233.82,1.96,22,0,3,6,0.462,0.572,True,0,0.7473,True,TIM-3
GEN_TIM-3_00124,c9875e89,c1cc2ccccc2[nH]1C(=O)OCN(C)C,indolyl-ester-dimethylamino,indolyl,ester,dimethylamino,213.43,2.8,29,1,2,5,0.616,0.435,True,0,0.746,True,TIM-3
GEN_TIM-3_00492,e2a15730,c1ccc(OC)cc1S(=O)(=O)NCc1ccc(OC)cc1,bis(methoxyphenyl)-sulfonamide,methoxyphenyl,sulfonamide,phenyl-alt,336.97,1.4,82,1,5,2,0.505,0.565,True,0,0.7455,True,TIM-3
GEN_TIM-3_00142,91e0d81f,c1ccc(F)cc1S(=O)(=O)NCN1CCOCC1,fluorophenyl-sulfonamide-morpholino,fluorophenyl,sulfonamide,morpholino,221.1,1.9,73,1,5,5,0.594,0.566,True,0,0.7447,True,TIM-3
GEN_TIM-3_00256,b3910cd2,S(=O)(=O)CNC(=O)NCc1ccccc1,methylsulfonyl-urea-phenyl,phenyl,urea,methylsulfonyl,183.3,0.62,63,2,2,7,0.476,0.542,True,0,0.7439,True,TIM-3
GEN_TIM-3_00322,e93b2437,c1cccc(Cl)c1CCc1ccccc1,m-chlorophenyl-ethyl-phenyl,m-chlorophenyl,ethyl,phenyl,178.61,2.17,20,0,1,4,0.559,0.281,True,0,0.7433,True,TIM-3
GEN_TIM-3_00405,2f403ff6,OC(F)(F)FC#CCc1cc2ccccc2[nH]1,trifluoromethoxy-alkyne-indolyl,indolyl,alkyne,trifluoromethoxy,216.92,2.28,36,1,1,5,0.518,0.448,True,0,0.7382,True,TIM-3
GEN_TIM-3_00041,875c13bc,c1ccc(F)cc1C1CCOCC1NC(C)=O,fluorophenyl-morpholinyl-acetamido,fluorophenyl,morpholinyl,acetamido,234.9,1.33,41,1,5,5,0.611,0.533,True,0,0.7373,True,TIM-3
GEN_TIM-3_00081,91129939,C1=CC=CC=C1C=CCc1ccc(F)cc1,phenyl-alt-alkene-fluorophenyl,fluorophenyl,alkene,phenyl-alt,193.69,2.22,20,0,1,6,0.574,0.589,True,0,0.7362,True,TIM-3
GEN_TIM-3_00352,af417827,c1cnccn1OCCC(F)(F)F,pyrimidinyl-ethoxy-trifluoromethyl,pyrimidinyl,ethoxy,trifluoromethyl,167.7,0.92,20,0,3,7,0.545,0.594,True,0,0.7361,True,TIM-3
GEN_TIM-3_00380,369c8c71,c1ccc(C)cc1C(=O)OCS(=O)(=O)C,tolyl-ester-methylsulfonyl,tolyl,ester,methylsulfonyl,184.38,2.4,20,0,1,3,0.485,0.592,True,0,0.7356,True,TIM-3
GEN_TIM-3_00024,af9a7bda,C(C)(C)CC=CCc1ccc(Cl)cc1,t-butyl-alkene-chlorophenyl,chlorophenyl,alkene,t-butyl,214.33,2.73,20,0,1,5,0.455,0.42,True,0,0.7342,True,TIM-3
GEN_TIM-3_00163,32bf731d,c1ccccc1CCC(F)(F)F,phenyl-ethyl-trifluoromethyl,phenyl,ethyl,trifluoromethyl,195.07,2.76,10,0,3,7,0.614,0.227,True,0,0.734,True,TIM-3
GEN_TIM-3_00140,5cf08157,c1cccnc1OCCc1cccnc1,bis(pyridyl)-ethoxy,pyridyl,ethoxy,trifluoromethoxy,251.44,0.45,33,0,1,5,0.643,0.573,True,0,0.7333,True,TIM-3
GEN_TIM-3_00031,75df851a,C1=CC=CC=C1C1CCNCC1c1ccc(OC)cc1,phenyl-alt-piperidinyl-methoxyphenyl,methoxyphenyl,piperidinyl,phenyl-alt,239.7,2.71,31,0,2,7,0.46,0.302,True,0,0.7313,True,TIM-3
GEN_TIM-3_00251,595ea77e,c1ccc(C)cc1C1CCOCC1c1ccc(C)cc1,bis(tolyl)-morpholinyl,tolyl,morpholinyl,morpholino,317.38,2.11,22,0,2,8,0.491,0.209,True,0,0.7304,True,TIM-3
GEN_TIM-3_00130,dcfc107f,c1ccccc1C#CCc1ccccc1OC,phenyl-alkyne-anisole,anisole,alkyne,phenyl,176.57,1.92,20,0,1,6,0.436,0.318,True,0,0.7296,True,TIM-3
GEN_TIM-3_00377,06096b0c,N1CCOCC1C1CCNCC1c1ccc(C)cc1,morpholino-piperidinyl-tolyl,tolyl,piperidinyl,morpholino,224.7,3.25,22,0,1,3,0.489,0.388,True,0,0.7282,True,TIM-3
GEN_TIM-3_00332,933d985d,C(F)(F)FNCCc1cc2c(cc1)OCO2,trifluoromethyl-aminoethyl-benzodioxolyl,benzodioxolyl,aminoethyl,trifluoromethyl,166.42,0.72,20,0,3,8,0.543,0.555,True,0,0.728,True,TIM-3
GEN_TIM-3_00185,a77ce5ed,N1CCOCC1C(=O)NCc1cc2c(cc1)OCO2,morpholino-amide-benzodioxolyl,benzodioxolyl,amide,morpholino,137.82,-0.69,49,1,2,7,0.469,0.569,True,0,0.7279,True,TIM-3
GEN_TIM-3_00432,521281f8,c1ccc(F)cc1C1CCN(C)CC1c1ccc(F)cc1,bis(fluorophenyl)-methylpiperazinyl,fluorophenyl,methylpiperazinyl,morpholino,341.54,2.53,17,0,3,5,0.642,0.293,True,0,0.7276,True,TIM-3
GEN_TIM-3_00104,e0400cb3,c1ccccc1C#CCc1ccc(Cl)cc1,phenyl-alkyne-chlorophenyl,chlorophenyl,alkyne,phenyl,233.95,4.61,10,0,1,4,0.528,0.518,True,0,0.727,True,TIM-3
GEN_TIM-3_00128,c9db95f3,c1ccc(C)cc1C1CCN(C)CC1c1ccc(C)cc1,bis(tolyl)-methylpiperazinyl,tolyl,methylpiperazinyl,methoxy,330.9,2.74,17,0,2,6,0.692,0.314,True,0,0.7261,True,TIM-3
GEN_TIM-3_00443,87d695bf,c1ccc(C)cc1C=CCC(F)(F)F,tolyl-alkene-trifluoromethyl,tolyl,alkene,trifluoromethyl,208.98,3.24,10,0,3,6,0.482,0.459,True,0,0.7256,True,TIM-3
GEN_TIM-3_00355,e11e9e0a,c1cccc(Cl)c1C(=O)OCOC(F)(F)F,m-chlorophenyl-ester-trifluoromethoxy,m-chlorophenyl,ester,trifluoromethoxy,152.48,0.24,30,0,1,4,0.576,0.583,True,0,0.7248,True,TIM-3
GEN_TIM-3_00478,2519d076,OCC1CCNCC1c1ccc(OC)cc1,methoxy-piperidinyl-methoxyphenyl,methoxyphenyl,piperidinyl,methoxy,239.86,2.83,31,0,2,2,0.492,0.305,True,0,0.7232,True,TIM-3
GEN_TIM-3_00240,f4ce7f06,N1CCOCC1C(=O)NCc1ccccc1,morpholino-amide-phenyl,phenyl,amide,morpholino,171.44,0.92,39,1,2,5,0.577,0.48,True,0,0.723,True,TIM-3
GEN_TIM-3_00308,088920f0,c1ccccc1OCC1CCNCC1OC(F)(F)F,anisole-piperidinyl-trifluoromethoxy,anisole,piperidinyl,trifluoromethoxy,184.95,0.51,32,0,1,7,0.566,0.526,True,0,0.7214,True,TIM-3
GEN_TIM-3_00221,4695c162,C(C)(C)CC1CCOCC1c1cccnc1,t-butyl-morpholinyl-pyridyl,pyridyl,morpholinyl,t-butyl,218.93,0.11,35,0,3,3,0.489,0.298,True,0,0.7211,True,TIM-3
GEN_TIM-3_00048,8e1c7e3e,OC(F)(F)FCCc1nc2ccccc2[nH]1,trifluoromethoxy-ethyl-benzimidazolyl,benzimidazolyl,ethyl,trifluoromethoxy,217.05,1.61,49,1,2,7,0.548,0.4,True,0,0.7199,True,TIM-3
GEN_TIM-3_00292,529c40bc,c1cccc(Cl)c1C1CCNCC1c1cccc(Cl)c1,bis(m-chlorophenyl)-piperidinyl,m-chlorophenyl,piperidinyl,methoxy,230.33,0.4,32,0,1,2,0.622,0.275,True,0,0.7183,True,TIM-3
GEN_TIM-3_00477,8cee8737,c1ccccc1NC(=O)NCc1ccccc1,bis(phenyl)-urea,phenyl,urea,t-butyl,263.48,1.14,63,2,2,2,0.627,0.441,True,0,0.7163,True,TIM-3
GEN_TIM-3_00328,2345d978,c1ccc(Cl)cc1NCCN1CCOCC1,chlorophenyl-aminoethyl-morpholino,chlorophenyl,aminoethyl,morpholino,208.55,2.73,20,0,1,3,0.576,0.242,True,0,0.7155,True,TIM-3
GEN_TIM-3_00005,d6372f60,c1ccccc1C1CCNCC1c1ccccc1,bis(phenyl)-piperidinyl,phenyl,piperidinyl,phenyl,314.0,4.07,12,0,1,8,0.575,0.27,True,0,0.715,True,TIM-3
GEN_TIM-3_00047,1dcec9f3,N1CCOCC1C(=O)NCc1ccc(Cl)cc1,morpholino-amide-chlorophenyl,chlorophenyl,amide,morpholino,203.24,1.99,39,1,2,2,0.578,0.395,True,0,0.7148,True,TIM-3
GEN_TIM-3_00335,f62dd597,N(C)CC(=O)OCc1cccnc1,dimethylamino-ester-pyridyl,pyridyl,ester,dimethylamino,169.49,1.31,26,0,2,6,0.515,0.249,True,0,0.7111,True,TIM-3
GEN_TIM-3_00498,52296086,C(F)(F)FC=CCc1cccnc1,trifluoromethyl-alkene-pyridyl,pyridyl,alkene,trifluoromethyl,197.85,1.52,23,0,4,3,0.503,0.241,True,0,0.709,True,TIM-3
GEN_TIM-3_00198,9721a4f9,c1ccc(C)cc1OCCC(C)(C)C,tolyl-ethoxy-t-butyl,tolyl,ethoxy,t-butyl,185.02,2.49,20,0,1,7,0.591,0.43,True,0,0.7089,True,TIM-3
GEN_TIM-3_00407,ff2ad294,c1ccccc1C#CCc1ccccc1,bis(phenyl)-alkyne,phenyl,alkyne,cyano,225.67,1.31,34,0,1,8,0.63,0.327,True,0,0.7084,True,TIM-3
GEN_TIM-3_00029,b23a0a00,OC(F)(F)FC=CCc1nc2ccccc2[nH]1,trifluoromethoxy-alkene-benzimidazolyl,benzimidazolyl,alkene,trifluoromethoxy,214.56,1.66,49,1,2,5,0.457,0.354,True,0,0.7074,True,TIM-3
GEN_TIM-3_00281,a11bc9fc,c1ccc(C)cc1C#CCS(=O)(=O)C,tolyl-alkyne-methylsulfonyl,tolyl,alkyne,methylsulfonyl,186.84,2.63,20,0,1,7,0.488,0.403,True,0,0.707,True,TIM-3
GEN_TIM-3_00291,bcbbbbf3,c1ccccc1C1CCN(C)CC1C(C)(C)C,phenyl-methylpiperazinyl-t-butyl,phenyl,methylpiperazinyl,t-butyl,219.1,2.48,17,0,2,8,0.446,0.556,True,0,0.703,True,TIM-3
GEN_TIM-3_00483,48549cc3,NC(C)=OC1CCN(C)CC1c1ccc(Cl)cc1,acetamido-methylpiperazinyl-chlorophenyl,chlorophenyl,methylpiperazinyl,acetamido,262.84,2.17,36,1,4,8,0.613,0.598,True,0,0.702,True,TIM-3
GEN_VISTA_00310,046fbf19,c1ccc(C#N)cc1C1CCOCC1c1ccc(C#N)cc1,bis(cyanophenyl)-morpholinyl,cyanophenyl,morpholinyl,phenyl,265.77,1.35,22,0,2,8,0.65,0.361,True,0,0.9061,True,VISTA
GEN_VISTA_00179,a080dfbb,c1nc2ccccc2[nH]1OCCc1nc2ccccc2[nH]1,bis(benzimidazolyl)-ethoxy,benzimidazolyl,ethoxy,dimethylamino,331.84,1.93,42,1,3,6,0.689,0.487,True,0,0.8587,True,VISTA
GEN_VISTA_00269,8491e25a,c1ccc(OC)cc1C1CCNCC1OC,methoxyphenyl-piperidinyl-methoxy,methoxyphenyl,piperidinyl,methoxy,242.89,2.78,31,0,2,7,0.614,0.54,True,0,0.8576,True,VISTA
GEN_VISTA_00032,1a24a8a8,C(C)(C)CCCc1cc2c(cc1)OCO2,t-butyl-ethyl-benzodioxolyl,benzodioxolyl,ethyl,t-butyl,147.58,0.13,30,0,1,8,0.584,0.335,True,0,0.8575,True,VISTA
GEN_VISTA_00204,e7b35813,c1cccc(Cl)c1OCCC(C)(C)C,m-chlorophenyl-ethoxy-t-butyl,m-chlorophenyl,ethoxy,t-butyl,148.35,-0.21,30,0,1,7,0.569,0.525,True,0,0.8512,True,VISTA
GEN_VISTA_00326,60c038d2,c1ccc(F)cc1OCCN1CCOCC1,fluorophenyl-ethoxy-morpholino,fluorophenyl,ethoxy,morpholino,195.25,2.26,20,0,1,3,0.536,0.437,True,0,0.8382,True,VISTA
GEN_VISTA_00180,eb841a12,C1=CC=CC=C1C1CCN(C)CC1c1ccc(F)cc1,phenyl-alt-methylpiperazinyl-fluorophenyl,fluorophenyl,methylpiperazinyl,phenyl-alt,239.76,2.51,17,0,3,4,0.626,0.376,True,0,0.8377,True,VISTA
GEN_VISTA_00455,65fe0096,N(C)CC1CCNCC1c1cc2ccccc2[nH]1,dimethylamino-piperidinyl-indolyl,indolyl,piperidinyl,dimethylamino,241.98,3.05,31,1,3,5,0.479,0.401,True,0,0.8339,True,VISTA
GEN_VISTA_00174,889cfff7,N(C)CC=CCc1ccc(C)cc1,dimethylamino-alkene-tolyl,tolyl,alkene,dimethylamino,178.64,2.97,13,0,1,4,0.517,0.236,True,0,0.8322,True,VISTA
GEN_VISTA_00119,148f63f6,c1ccc(Cl)cc1OCCc1ccc(Cl)cc1,bis(chlorophenyl)-ethoxy,chlorophenyl,ethoxy,morpholino,325.8,2.43,20,0,1,8,0.593,0.491,True,0,0.8302,True,VISTA
GEN_VISTA_00095,186eeba6,c1nc2ccccc2[nH]1C=CCc1nc2ccccc2[nH]1,bis(benzimidazolyl)-alkene,benzimidazolyl,alkene,morpholino,328.97,1.6,49,1,2,4,0.63,0.547,True,0,0.8293,True,VISTA
GEN_VISTA_00312,57965fee,c1cccnc1C1CCNCC1OC,pyridyl-piperidinyl-methoxy,pyridyl,piperidinyl,methoxy,213.78,0.99,35,0,2,2,0.569,0.422,True,0,0.8249,True,VISTA
GEN_VISTA_00479,d96996b4,c1ccc(OC)cc1C1CCOCC1c1ccc(OC)cc1,bis(methoxyphenyl)-morpholinyl,methoxyphenyl,morpholinyl,trifluoromethoxy,346.7,1.67,31,0,3,8,0.614,0.254,True,0,0.821,True,VISTA
GEN_VISTA_00023,92d1f57b,C#NC=CCc1cc2ccccc2[nH]1,cyano-alkene-indolyl,indolyl,alkene,cyano,190.94,1.76,50,1,2,2,0.536,0.497,True,0,0.8111,True,VISTA
GEN_VISTA_00113,117e6fcc,c1ccc(N)cc1C1CCNCC1c1ccc(N)cc1,bis(aminophenyl)-piperidinyl,aminophenyl,piperidinyl,methoxy,227.82,0.77,32,0,1,6,0.497,0.5,True,0,0.8108,True,VISTA
GEN_VISTA_00208,b6a3ce45,c1cc2ccccc2[nH]1NCCN(C)C,indolyl-aminoethyl-dimethylamino,indolyl,aminoethyl,dimethylamino,204.33,2.48,29,1,2,3,0.624,0.517,True,0,0.8085,True,VISTA
GEN_VISTA_00394,0c10ae4b,S(=O)(=O)CC1CCOCC1c1ccc(F)cc1,methylsulfonyl-morpholinyl-fluorophenyl,fluorophenyl,morpholinyl,methylsulfonyl,235.82,2.3,22,0,3,4,0.522,0.594,True,0,0.8043,True,VISTA
GEN_VISTA_00085,ff2aeffa,c1cccnc1C#CCc1cccnc1,bis(pyridyl)-alkyne,pyridyl,alkyne,trifluoromethyl,277.09,1.55,23,0,4,5,0.501,0.591,True,0,0.8035,True,VISTA
GEN_VISTA_00154,63c4584b,c1nc2ccccc2[nH]1C1CCN(C)CC1C#N,benzimidazolyl-methylpiperazinyl-cyano,benzimidazolyl,methylpiperazinyl,cyano,244.24,1.04,60,1,5,8,0.502,0.395,True,0,0.7956,True,VISTA
GEN_VISTA_00050,bc1747de,c1ccccc1C#CCc1ccc2c(c1)OCCO2,phenyl-alkyne-benzodioxanyl,benzodioxanyl,alkyne,phenyl,174.18,2.2,20,0,1,6,0.504,0.477,True,0,0.7934,True,VISTA
GEN_VISTA_00006,ff2ad294,c1ccccc1C#CCc1ccccc1,bis(phenyl)-alkyne,phenyl,alkyne,dimethylamino,248.01,2.32,13,0,1,7,0.585,0.565,True,0,0.7917,True,VISTA
GEN_VISTA_00135,00fa52f5,N1CCOCC1C1CCNCC1c1ccc(F)cc1,morpholino-piperidinyl-fluorophenyl,fluorophenyl,piperidinyl,morpholino,227.96,2.63,22,0,2,3,0.608,0.558,True,0,0.79,True,VISTA
GEN_VISTA_00216,3f889ede,c1cc2ccccc2[nH]1CCc1cc2ccccc2[nH]1,bis(indolyl)-ethyl,indolyl,ethyl,phenyl-alt,331.45,2.26,36,1,1,8,0.54,0.571,True,0,0.787,True,VISTA
GEN_VISTA_00283,f80a1c5f,c1ccc(F)cc1OCCS(=O)(=O)C,fluorophenyl-ethoxy-methylsulfonyl,fluorophenyl,ethoxy,methylsulfonyl,198.18,2.42,20,0,1,7,0.497,0.591,True,0,0.7826,True,VISTA
GEN_VISTA_00100,5204f081,C1=CC=CC=C1CCc1ccc(F)cc1,phenyl-alt-ethyl-fluorophenyl,fluorophenyl,ethyl,phenyl-alt,194.36,2.25,20,0,1,6,0.573,0.56,True,0,0.7813,True,VISTA
GEN_VISTA_00158,9296ce6e,c1ccc(C)cc1S(=O)(=O)NCc1ccc(C)cc1,bis(tolyl)-sulfonamide,tolyl,sulfonamide,trifluoromethoxy,311.16,2.02,73,1,4,6,0.657,0.394,True,0,0.7784,True,VISTA
GEN_VISTA_00107,b0d46c3c,N1CCOCC1CCc1ccc(F)cc1,morpholino-ethyl-fluorophenyl,fluorophenyl,ethyl,morpholino,192.46,2.4,20,0,1,6,0.519,0.415,True,0,0.7782,True,VISTA
GEN_VISTA_00039,ddf09e3f,c1ccc(C)cc1C1CCNCC1c1ccc(C)cc1,bis(tolyl)-piperidinyl,tolyl,piperidinyl,acetamido,322.89,2.03,41,1,3,5,0.652,0.553,True,0,0.7777,True,VISTA
GEN_VISTA_00419,e493fb0d,c1ccc(C)cc1NC(=O)NCc1ccccc1,tolyl-urea-phenyl,tolyl,urea,phenyl,221.71,3.35,53,2,2,2,0.511,0.48,True,0,0.7746,True,VISTA
GEN_VISTA_00459,a015cb15,c1ccccc1C=CCS(=O)(=O)C,phenyl-alkene-methylsulfonyl,phenyl,alkene,methylsulfonyl,174.94,2.0,20,0,1,6,0.478,0.542,True,0,0.7737,True,VISTA
GEN_VISTA_00175,ffdb80b7,c1ccc(OC)cc1OCCc1ccc(OC)cc1,bis(methoxyphenyl)-ethoxy,methoxyphenyl,ethoxy,cyano,286.97,1.9,43,0,2,4,0.514,0.338,True,0,0.7735,True,VISTA
GEN_VISTA_00055,377805a2,c1ccc(F)cc1OCCc1ccc(F)cc1,bis(fluorophenyl)-ethoxy,fluorophenyl,ethoxy,trifluoromethyl,307.51,3.48,10,0,4,8,0.597,0.429,True,0,0.7731,True,VISTA
GEN_VISTA_00500,88ad87b3,c1ccc(C)cc1C#CCc1ccc(C)cc1,bis(tolyl)-alkyne,tolyl,alkyne,methylsulfonyl,281.11,2.6,20,0,1,7,0.575,0.276,True,0,0.7684,True,VISTA
GEN_VISTA_00015,47d927c9,c1ccc(C#N)cc1C1CCN(C)CC1c1ccccc1,cyanophenyl-methylpiperazinyl-phenyl,cyanophenyl,methylpiperazinyl,phenyl,219.2,2.38,17,0,2,6,0.448,0.416,True,0,0.7684,True,VISTA
GEN_VISTA_00246,d1f39f1d,c1ccc(F)cc1C=CCc1ccc(F)cc1,bis(fluorophenyl)-alkene,fluorophenyl,alkene,t-butyl,285.53,2.06,20,0,1,4,0.549,0.305,True,0,0.762,True,VISTA
GEN_VISTA_00403,10f355a9,c1ccc(F)cc1C(=O)OCc1ccc(F)cc1,bis(fluorophenyl)-ester,fluorophenyl,ester,t-butyl,287.88,2.08,20,0,1,3,0.494,0.564,True,0,0.7619,True,VISTA
GEN_VISTA_00237,7c0f6a13,c1ccc(Cl)cc1C1CCN(C)CC1c1ccc(Cl)cc1,bis(chlorophenyl)-methylpiperazinyl,chlorophenyl,methylpiperazinyl,trifluoromethoxy,366.34,3.04,17,0,2,2,0.614,0.463,True,0,0.7615,True,VISTA
GEN_VISTA_00292,0a7f6635,c1cc2ccccc2[nH]1C1CCN(C)CC1C1=CC=CC=C1,indolyl-methylpiperazinyl-phenyl-alt,indolyl,methylpiperazinyl,phenyl-alt,261.39,2.61,33,1,3,2,0.465,0.55,True,0,0.7603,True,VISTA
GEN_VISTA_00187,47360d04,c1nc2ccccc2[nH]1C1CCOCC1OC,benzimidazolyl-morpholinyl-methoxy,benzimidazolyl,morpholinyl,methoxy,248.6,1.17,51,1,4,7,0.619,0.43,True,0,0.7603,True,VISTA
GEN_VISTA_00185,ecce2fcd,C(F)(F)FCCc1ccccc1,trifluoromethyl-ethyl-phenyl,phenyl,ethyl,trifluoromethyl,192.81,2.6,10,0,3,6,0.417,0.564,True,0,0.7597,True,VISTA
GEN_VISTA_00137,de3ef472,c1ccccc1C=CCc1cnccn1,phenyl-alkene-pyrimidinyl,pyrimidinyl,alkene,phenyl,176.99,1.67,20,0,1,5,0.551,0.528,True,0,0.7595,True,VISTA
GEN_VISTA_00274,1034d432,c1ccc(OC)cc1C(=O)OCC(C)(C)C,methoxyphenyl-ester-t-butyl,methoxyphenyl,ester,t-butyl,209.09,2.18,29,0,1,7,0.543,0.203,True,0,0.7584,True,VISTA
GEN_VISTA_00276,5ee52ebe,c1ccc(F)cc1CCOC,fluorophenyl-ethyl-methoxy,fluorophenyl,ethyl,methoxy,191.51,2.58,20,0,1,5,0.569,0.38,True,0,0.754,True,VISTA
GEN_VISTA_00048,34b2d3cb,c1ccccc1C1CCOCC1OC(F)(F)F,phenyl-morpholinyl-trifluoromethoxy,phenyl,morpholinyl,trifluoromethoxy,213.2,1.56,22,0,2,6,0.582,0.343,True,0,0.752,True,VISTA
GEN_VISTA_00351,46f1cf3e,c1ccc(Cl)cc1C(=O)OCOC(F)(F)F,chlorophenyl-ester-trifluoromethoxy,chlorophenyl,ester,trifluoromethoxy,207.09,2.65,20,0,1,2,0.553,0.465,True,0,0.7518,True,VISTA
GEN_VISTA_00279,541b2296,C1=CC=CC=C1S(=O)(=O)NCc1ccc(OC)cc1,phenyl-alt-sulfonamide-methoxyphenyl,methoxyphenyl,sulfonamide,phenyl-alt,233.55,1.52,82,1,5,7,0.601,0.459,True,0,0.7506,True,VISTA
GEN_VISTA_00013,68ace0ab,c1ccc(Cl)cc1C1CCOCC1c1ccc(Cl)cc1,bis(chlorophenyl)-morpholinyl,chlorophenyl,morpholinyl,trifluoromethyl,373.19,2.91,12,0,5,3,0.661,0.547,True,0,0.7498,True,VISTA
GEN_VISTA_00478,2f403ff6,OC(F)(F)FC#CCc1cc2ccccc2[nH]1,trifluoromethoxy-alkyne-indolyl,indolyl,alkyne,trifluoromethoxy,214.37,2.16,36,1,1,4,0.619,0.33,True,0,0.7472,True,VISTA
GEN_VISTA_00139,758bf780,C(C)(C)CC1CCOCC1c1cc2ccccc2[nH]1,t-butyl-morpholinyl-indolyl,indolyl,morpholinyl,t-butyl,253.1,2.07,38,1,3,5,0.52,0.266,True,0,0.7465,True,VISTA
GEN_VISTA_00271,61bbfa6e,c1cccnc1C(=O)OCC(F)(F)F,pyridyl-ester-trifluoromethyl,pyridyl,ester,trifluoromethyl,196.27,1.87,23,0,4,2,0.559,0.429,True,0,0.7464,True,VISTA
GEN_VISTA_00073,5c848933,c1ccccc1C1CCN(C)CC1c1ccccc1,bis(phenyl)-methylpiperazinyl,phenyl,methylpiperazinyl,trifluoromethoxy,295.1,2.16,17,0,2,6,0.645,0.369,True,0,0.7462,True,VISTA
GEN_VISTA_00183,6aee3dec,c1ccc(OC)cc1OCCN1CCOCC1,methoxyphenyl-ethoxy-morpholino,methoxyphenyl,ethoxy,morpholino,209.12,2.23,29,0,1,7,0.518,0.233,True,0,0.7429,True,VISTA
GEN_VISTA_00018,f87c1a49,c1ccc(Cl)cc1S(=O)(=O)NCC(F)(F)F,chlorophenyl-sulfonamide-trifluoromethyl,chlorophenyl,sulfonamide,trifluoromethyl,256.59,2.5,63,1,7,4,0.552,0.56,True,0,0.7428,True,VISTA
GEN_VISTA_00304,059b5238,S(=O)(=O)CNCCc1ccc(C)cc1,methylsulfonyl-aminoethyl-tolyl,tolyl,aminoethyl,methylsulfonyl,187.06,2.8,20,0,1,3,0.511,0.249,True,0,0.7422,True,VISTA
GEN_VISTA_00077,679b4d7b,c1ccc(Cl)cc1CCN(C)C,chlorophenyl-ethyl-dimethylamino,chlorophenyl,ethyl,dimethylamino,208.25,3.03,13,0,1,5,0.548,0.575,True,0,0.7421,True,VISTA
GEN_VISTA_00126,341c0f9c,C(F)(F)FCCc1ccc(OC)cc1,trifluoromethyl-ethyl-methoxyphenyl,methoxyphenyl,ethyl,trifluoromethyl,225.19,3.09,19,0,4,7,0.626,0.518,True,0,0.7415,True,VISTA
GEN_VISTA_00305,343d9aed,N(C)CNCCc1ccc(Cl)cc1,dimethylamino-aminoethyl-chlorophenyl,chlorophenyl,aminoethyl,dimethylamino,207.52,3.14,13,0,1,5,0.503,0.514,True,0,0.741,True,VISTA
GEN_VISTA_00322,badd5cdd,N(C)CS(=O)(=O)NCc1ccc(C)cc1,dimethylamino-sulfonamide-tolyl,tolyl,sulfonamide,dimethylamino,208.69,2.35,66,1,5,7,0.457,0.214,True,0,0.7406,True,VISTA
GEN_VISTA_00262,431edac9,C#NOCCc1ccc(OC)cc1,cyano-ethoxy-methoxyphenyl,methoxyphenyl,ethoxy,cyano,177.77,1.87,43,0,2,8,0.493,0.43,True,0,0.7403,True,VISTA
GEN_VISTA_00421,a10e4ee6,c1ccc(OC)cc1C(=O)OCN1CCOCC1,methoxyphenyl-ester-morpholino,methoxyphenyl,ester,morpholino,204.53,2.38,29,0,1,8,0.558,0.392,True,0,0.74,True,VISTA
GEN_VISTA_00196,21e65f4f,C#NCCc1cc2ccccc2[nH]1,cyano-ethyl-indolyl,indolyl,ethyl,cyano,192.15,1.6,50,1,2,3,0.523,0.517,True,0,0.7394,True,VISTA
GEN_VISTA_00303,871e4a78,c1ccc(OC)cc1CCc1ccc(OC)cc1,bis(methoxyphenyl)-ethyl,methoxyphenyl,ethyl,cyano,283.2,1.38,43,0,2,6,0.512,0.39,True,0,0.739,True,VISTA
GEN_VISTA_00220,5b8a170c,N(C)CC1CCN(C)CC1c1nc2ccccc2[nH]1,dimethylamino-methylpiperazinyl-benzimidazolyl,benzimidazolyl,methylpiperazinyl,dimethylamino,255.13,2.07,39,1,5,8,0.599,0.491,True,0,0.7389,True,VISTA
GEN_VISTA_00002,ecc67b48,c1ccc(OC)cc1C=CCC(F)(F)F,methoxyphenyl-alkene-trifluoromethyl,methoxyphenyl,alkene,trifluoromethyl,221.42,3.26,19,0,4,6,0.561,0.57,True,0,0.7377,True,VISTA
GEN_VISTA_00110,989ed427,c1ccc(N)cc1C(=O)OCc1ccc(N)cc1,bis(aminophenyl)-ester,aminophenyl,ester,trifluoromethoxy,199.11,0.12,30,0,1,5,0.557,0.555,True,0,0.7375,True,VISTA
GEN_VISTA_00037,310926ad,c1cnccn1C1CCNCC1c1cnccn1,bis(pyrimidinyl)-piperidinyl,pyrimidinyl,piperidinyl,phenyl,253.55,2.61,22,0,1,4,0.57,0.438,True,0,0.7362,True,VISTA
GEN_VISTA_00101,9d166bd7,c1cc2ccccc2[nH]1NCCc1cc2ccccc2[nH]1,bis(indolyl)-aminoethyl,indolyl,aminoethyl,methoxy,327.54,2.08,36,1,1,7,0.581,0.488,True,0,0.7359,True,VISTA
GEN_VISTA_00142,0a2331f4,OCOCCc1ccccc1,methoxy-ethoxy-phenyl,phenyl,ethoxy,methoxy,174.44,1.66,20,0,1,4,0.552,0.517,True,0,0.7352,True,VISTA
GEN_VISTA_00232,e0c70329,c1ccc2c(c1)OCCO2OCCc1ccc2c(c1)OCCO2,bis(benzodioxanyl)-ethoxy,benzodioxanyl,ethoxy,phenyl,228.07,2.14,20,0,1,5,0.447,0.59,True,0,0.7345,True,VISTA
GEN_VISTA_00036,3b6db70d,c1ccc(Cl)cc1C=CCc1ccc(Cl)cc1,bis(chlorophenyl)-alkene,chlorophenyl,alkene,phenyl-alt,320.03,2.39,20,0,1,4,0.572,0.295,True,0,0.7328,True,VISTA
GEN_VISTA_00152,e2a15730,c1ccc(OC)cc1S(=O)(=O)NCc1ccc(OC)cc1,bis(methoxyphenyl)-sulfonamide,methoxyphenyl,sulfonamide,cyano,319.33,1.01,96,1,6,2,0.67,0.395,True,0,0.7323,True,VISTA
GEN_VISTA_00299,e43f992f,c1ccccc1C#CCc1ccc(C#N)cc1,phenyl-alkyne-cyanophenyl,cyanophenyl,alkyne,phenyl,170.46,1.94,20,0,1,3,0.45,0.265,True,0,0.7299,True,VISTA
GEN_VISTA_00308,cc81037c,N(C)CNC(=O)NCc1ccc(OC)cc1,dimethylamino-urea-methoxyphenyl,methoxyphenyl,urea,dimethylamino,212.33,1.73,65,2,4,4,0.514,0.58,True,0,0.7287,True,VISTA
GEN_VISTA_00454,9456cb1f,c1ccc(C)cc1C#CCC(C)(C)C,tolyl-alkyne-t-butyl,tolyl,alkyne,t-butyl,190.7,2.55,20,0,1,4,0.585,0.24,True,0,0.7284,True,VISTA
GEN_VISTA_00338,4ed6eb50,C(C)(C)CC1CCN(C)CC1c1ccc(C)cc1,t-butyl-methylpiperazinyl-tolyl,tolyl,methylpiperazinyl,t-butyl,239.95,3.09,17,0,2,6,0.601,0.439,True,0,0.728,True,VISTA
GEN_VISTA_00267,597dfe78,c1ccc(F)cc1C1CCN(C)CC1C#N,fluorophenyl-methylpiperazinyl-cyano,fluorophenyl,methylpiperazinyl,cyano,223.09,2.11,31,0,4,7,0.495,0.45,True,0,0.7268,True,VISTA
GEN_VISTA_00052,0f43fd59,c1ccc(Cl)cc1C#CCC1=CC=CC=C1,chlorophenyl-alkyne-phenyl-alt,chlorophenyl,alkyne,phenyl-alt,209.26,2.62,20,0,1,6,0.558,0.549,True,0,0.725,True,VISTA
GEN_VISTA_00146,9dfe56a7,c1cc2ccccc2[nH]1C=CCc1cc2ccccc2[nH]1,bis(indolyl)-alkene,indolyl,alkene,t-butyl,328.37,2.22,36,1,1,4,0.655,0.219,True,0,0.7243,True,VISTA
GEN_VISTA_00300,e594dbf2,c1cccnc1NC(=O)NCc1cccnc1,bis(pyridyl)-urea,pyridyl,urea,phenyl,292.11,1.35,66,2,3,8,0.628,0.546,True,0,0.722,True,VISTA
GEN_VISTA_00106,89c47192,S(=O)(=O)COCCc1ccc(C)cc1,methylsulfonyl-ethoxy-tolyl,tolyl,ethoxy,methylsulfonyl,193.97,2.23,20,0,1,2,0.554,0.234,True,0,0.7215,True,VISTA
GEN_VISTA_00496,117fdc92,c1nc2ccccc2[nH]1C1CCNCC1c1nc2ccccc2[nH]1,bis(benzimidazolyl)-piperidinyl,benzimidazolyl,piperidinyl,trifluoromethoxy,362.8,1.73,51,1,3,3,0.525,0.377,True,0,0.7201,True,VISTA
GEN_VISTA_00030,274aa7fc,c1cc2ccccc2[nH]1OCCc1cc2ccccc2[nH]1,bis(indolyl)-ethoxy,indolyl,ethoxy,cyano,311.7,1.56,50,1,2,2,0.63,0.402,True,0,0.72,True,VISTA
GEN_VISTA_00266,2519d076,OCC1CCNCC1c1ccc(OC)cc1,methoxy-piperidinyl-methoxyphenyl,methoxyphenyl,piperidinyl,methoxy,239.88,2.76,31,0,2,4,0.56,0.546,True,0,0.7197,True,VISTA
GEN_VISTA_00430,dd492f9a,c1ccc(C)cc1C=CCc1ccc(C)cc1,bis(tolyl)-alkene,tolyl,alkene,trifluoromethoxy,275.65,2.33,20,0,1,4,0.477,0.427,True,0,0.7191,True,VISTA
GEN_VISTA_00345,92cafa79,N1CCOCC1C1CCNCC1c1cc2ccccc2[nH]1,morpholino-piperidinyl-indolyl,indolyl,piperidinyl,morpholino,250.97,2.31,38,1,2,3,0.585,0.285,True,0,0.7181,True,VISTA
GEN_VISTA_00116,17ec7ab5,c1cccc(Cl)c1C(=O)NCc1cccc(Cl)c1,bis(m-chlorophenyl)-amide,m-chlorophenyl,amide,trifluoromethyl,206.62,0.48,39,1,5,6,0.612,0.515,True,0,0.7151,True,VISTA
GEN_VISTA_00316,6c63e92c,N1CCOCC1C1CCN(C)CC1c1nc2ccccc2[nH]1,morpholino-methylpiperazinyl-benzimidazolyl,benzimidazolyl,methylpiperazinyl,morpholino,267.5,1.91,46,1,4,7,0.625,0.545,True,0,0.7141,True,VISTA
GEN_VISTA_00229,fa0fe07e,c1ccccc1C=CCc1ccc(F)cc1,phenyl-alkene-fluorophenyl,fluorophenyl,alkene,phenyl,220.43,3.99,10,0,1,6,0.631,0.452,True,0,0.7135,True,VISTA
GEN_VISTA_00170,06bcd070,C1=CC=CC=C1C1CCOCC1c1ccc(F)cc1,phenyl-alt-morpholinyl-fluorophenyl,fluorophenyl,morpholinyl,phenyl-alt,231.48,1.77,22,0,3,5,0.553,0.385,True,0,0.7119,True,VISTA
GEN_VISTA_00078,c55fc18d,c1ccc(C)cc1C(=O)OCc1ccc(C)cc1,bis(tolyl)-ester,tolyl,ester,methoxy,275.58,2.53,20,0,1,2,0.474,0.437,True,0,0.7111,True,VISTA
GEN_VISTA_00040,ae93d133,c1cc2c(cc1)OCO2NCCC(F)(F)F,benzodioxolyl-aminoethyl-trifluoromethyl,benzodioxolyl,aminoethyl,trifluoromethyl,169.43,0.89,20,0,3,2,0.534,0.46,True,0,0.7107,True,VISTA
GEN_VISTA_00399,2df08fc8,c1ccc(OC)cc1C(=O)OCc1ccc(OC)cc1,bis(methoxyphenyl)-ester,methoxyphenyl,ester,methoxy,306.26,2.07,29,0,1,8,0.677,0.301,True,0,0.7101,True,VISTA
GEN_VISTA_00103,c62d345c,c1ccccc1C(=O)NCc1cc2ccccc2[nH]1,phenyl-amide-indolyl,indolyl,amide,phenyl,235.92,3.14,45,2,3,4,0.603,0.351,True,0,0.7085,True,VISTA
GEN_VISTA_00256,92de6a90,OCNCCc1cc2ccccc2[nH]1,methoxy-aminoethyl-indolyl,indolyl,aminoethyl,methoxy,212.49,1.89,36,1,1,7,0.497,0.355,True,0,0.7068,True,VISTA
GEN_VISTA_00280,1ab8d8e4,c1ccc(C)cc1NCCc1ccc(C)cc1,bis(tolyl)-aminoethyl,tolyl,aminoethyl,cyano,251.25,2.26,34,0,1,8,0.523,0.417,True,0,0.7059,True,VISTA
GEN_VISTA_00027,bf733dcc,N(C)CNCCc1ccc(OC)cc1,dimethylamino-aminoethyl-methoxyphenyl,methoxyphenyl,aminoethyl,dimethylamino,197.55,2.67,22,0,2,6,0.49,0.216,True,0,0.705,True,VISTA
GEN_VISTA_00028,b558fc37,C(C)(C)CC1CCN(C)CC1c1ccc(OC)cc1,t-butyl-methylpiperazinyl-methoxyphenyl,methoxyphenyl,methylpiperazinyl,t-butyl,257.29,2.36,26,0,3,4,0.501,0.545,True,0,0.705,True,VISTA
GEN_VISTA_00457,db44e8d9,c1cccc(Cl)c1C1CCOCC1c1cccc(Cl)c1,bis(m-chlorophenyl)-morpholinyl,m-chlorophenyl,morpholinyl,trifluoromethoxy,235.3,-0.27,32,0,2,7,0.472,0.28,True,0,0.7041,True,VISTA
GEN_VISTA_00486,cb567eee,c1ccccc1C1CCN(C)CC1c1ccc(N)cc1,phenyl-methylpiperazinyl-aminophenyl,aminophenyl,methylpiperazinyl,phenyl,220.11,2.41,17,0,2,6,0.62,0.572,True,0,0.7035,True,VISTA
GEN_VISTA_00122,e08e4008,c1ccc(F)cc1C(=O)NCc1ccc(F)cc1,bis(fluorophenyl)-amide,fluorophenyl,amide,acetamido,292.5,0.83,58,2,5,5,0.511,0.379,True,0,0.7034,True,VISTA
GEN_VISTA_00011,b727fb51,c1ccc(OC)cc1C1CCN(C)CC1c1ccc(OC)cc1,bis(methoxyphenyl)-methylpiperazinyl,methoxyphenyl,methylpiperazinyl,morpholino,358.42,2.55,26,0,3,8,0.649,0.389,True,0,0.703,True,VISTA
GEN_VISTA_00205,43c5ba37,c1cc2ccccc2[nH]1C1CCNCC1c1cc2ccccc2[nH]1,bis(indolyl)-piperidinyl,indolyl,piperidinyl,methoxy,363.94,2.68,38,1,2,7,0.532,0.253,True,0,0.7012,True,VISTA
GEN_VISTA_00071,79f10b61,c1ccc(F)cc1C1CCOCC1OC(F)(F)F,fluorophenyl-morpholinyl-trifluoromethoxy,fluorophenyl,morpholinyl,trifluoromethoxy,229.92,2.01,22,0,3,5,0.577,0.5,True,0,0.7007,True,VISTA
